Creation Date,TYPE,Material sales text,Net value,Quantity
2017-01-04,FEW-CN,FEW325080K1S4A1B1A1A3G2B3A1JBM5V3CWYT3,1987.5,2.0
2017-01-13,LST300,LST300F8C06U5B1L1H1L7M5LST300,474.0,1.0
2017-01-16,3KXL333401L0006,,665.5,2.0
2017-01-16,3KQZ207006U0100,,604.64,16.0
2017-01-16,FEW-CN,FEW325900H1S4C2B1B1A2P3B3A1JKM5V3CWM,7948.76,1.0
2017-01-17,FEW-CN,FEW3600H1S1A1BJBWM,3836.29,1.0
2017-01-17,LST400,LST400Y0Y00N1P6A1H1SC0M5LST400,484.6,1.0
2017-01-18,FEW-CN,FEW3500H1S1A1BJBWM,2981.04,1.0
2017-01-18,FEW-CN,FEW3450H1S1A1BJBWM,2737.23,1.0
2017-01-18,LST300,LST300F4C06U5B1L1H1FA3L2M5TCCLST300,686.4,1.0
2017-01-20,FEW-CN,FEW325900K1S4C1B1A1A3P3B3A1JKM5V3CWY,6544.7,1.0
2017-01-24,LST300,LST300F8C06U5B1L1H1L7M5LST300,474.0,1.0
2017-01-25,HSGSPMR501,,580.5,50.0
2017-01-25,INSTRU FREIGHT,,255.0,1.0
2017-02-03,FEW-CN,FEW325750H1S4C2B1B1A2P3B3G1JKM5V3CWM,12375.4,2.0
2017-02-03,LST400,LST400Y0F15N1P3A1H1SC4M5LST400,866.17,1.0
2017-02-03,LST400,LST400Y0F15N1P3A1H1SC4M5LST400,866.17,1.0
2017-02-03,LST400,LST400Y0S15N1P6A1H1SC2M5LST400,3093.2,4.0
2017-02-03,FEW-CN,FEW325201H1D4C2B1A1A2P2B3A1JKM5V3CWM,12645.93,1.0
2017-02-03,FEW-CN,FEW325900K1S4C2B1A1A2P3B3A1JKM5V3CWA,6619.78,1.0
2017-02-03,FEW-CN,FEW325600H1D4A1B1A1A2P3B3A1JBM5V3CWM,5131.08,1.0
2017-02-07,FEW-CN,FEW325150H1S4A3B1B1A2P2B4A1JBM5V3CWM,1526.1,1.0
2017-02-09,FEW-CN,FEW315051H1S4C1B1A1A0P1B3A1JHM5V3CWM,9430.0,1.0
2017-02-09,FEW-CN,FEW315201H1S4C1B1A1A0P1B3A1JHM5V3CWM,11570.0,1.0
2017-02-13,LST400,LST400Y0C15N1P6A1H1SC6M5LST400,958.75,1.0
2017-02-15,FEW-CN,FEW325600H1D4A1B1A1A2P3B3A1JBM5V3CWMT3,5131.08,1.0
2017-02-15,FEW-CN,FEW3500H1S1A1BJBWM,2981.04,1.0
2017-02-15,FEW-CN,FEW3600H1S1A1BJBWM,3836.29,1.0
2017-02-17,FEW-CN,FEW3450H1S1A1BJBWM,2737.23,1.0
2017-02-20,FEW-CN,FEW315020A1S1A1D1B1A0G1B4A1JBM5V3,14027.76,18.0
2017-02-20,FEW-CN,FEW315040A1S1A1D1B1A0G1B4A1JBM5V3,6951.04,8.0
2017-02-20,FSS430,FSS430F1R1F100R0A1A1B1M4,12707.68,4.0
2017-02-22,FEW-CN,FEW325501H1S4C2B1A1A3P3B3A1JHM5V3CWA,38100.0,2.0
2017-02-22,LST300,LST300Y0C10U2B1L1H1L7M5S1TC1LST300,1122.0,2.0
2017-02-24,FEW-CN,FEW325350A1D4A1B1A1A2P2B3A1JBM5V3CWY,5324.8,2.0
2017-02-27,LST300,LST300F8C06U5B1L1H1L7M5LST300,1092.0,2.0
2017-02-28,FEW-CN,FEW325500H1D4A1B1B1A3P3B3A1JBM5V3CWMT3,4390.43,1.0
2017-02-28,FEW-CN,FEW3450H1S1A1BJBWM,2737.23,1.0
2017-02-28,FEW-CN,FEW3600H1S1A1BJBWM,7672.58,2.0
2017-03-01,FEW-CN,FEW325900H1D4C2B1B1A4P3B3A1JKM5V3CWM,15996.64,2.0
2017-03-03,3KXL333401L0006,,332.75,1.0
2017-03-03,FEW-CN,FEW325350A1D1A1B1A1A3P3B3A1JBM5V3CWY,2413.99,1.0
2017-03-08,AX400/0090,,300.0,10.0
2017-03-13,FEW-CN,FEW325051H1S4C1B1A1A3P2B3A1JKM5V3CWM,8915.08,1.0
2017-03-13,FEW-CN,FEW325201K1S4C2B1A1A2P3B3A1JKM5V3CWA,46335.96,4.0
2017-03-14,LST400,LST400Y0S15N1P6A1H1SC4SEKFA6B2TCCRM5,1265.95,1.0
2017-03-14,3KXL333401L0003,,402.05,1.0
2017-03-14,FEW-CN,FEW325400K1S4A1B1B1A2P3B3A1JBM5V3CWAT3,11062.76,4.0
2017-03-16,FSS430,FSS430F1R1F100R0A1A1B1M4,3176.92,1.0
2017-03-16,FSS430,FSS430F1R1F050R0A1A1B1M4,4920.4,2.0
2017-03-20,FEW-CN,FEW3500H1S1A1BJBWM,2981.04,1.0
2017-03-21,FEW-CN,FEW3600H1S1A1BJBWM,3836.29,1.0
2017-03-21,LST300,LST300F8C06U5B1L1H1L7M5TC1,1092.0,2.0
2017-03-22,LST400,LST400Y0S15N1P6A1H1SC2M5,4639.8,6.0
2017-03-27,FEW-CN,FEW3450H1S1A1BJBWM,2737.23,1.0
2017-03-27,FEW-CN,FEW315300A1S4A1D1B1A0P1B4A1JBM5V3,2924.34,1.0
2017-03-27,FEW-CN,FEW315400A1S4A1D1B1A0P1B4A1JBM5V3,4261.34,1.0
2017-03-27,LST400,LST400Y0S15N1P3A1H1SC4TCM5,2546.37,3.0
2017-03-27,3KXF065031U0100,,2155.1,10.0
2017-03-27,FEW-CN,FEW325051H1S4C1B1A1A3P2B3A1JKM5V3CWM,8915.08,1.0
2017-03-30,FEW-CN,FEW3500H1S1A1BJBWM,2981.04,1.0
2017-03-30,FEW-CN,FEW3600H1S1A1BJBWM,3836.29,1.0
2017-03-31,LST300,LST300F8C06U5B1L1H1L7M5TC1,1092.0,2.0
2017-03-31,LST400,LST400Y0C15N1P6A1H1SC6M5,958.75,1.0
2017-04-01,FEW-CN,FEW325020A1S1A1B1A1A2P3B3A1JBM5V3CWY,739.96,1.0
2017-04-01,LST300,LST300F8C06U5B1L1H1L7M5TC1,1638.0,3.0
2017-04-05,FEW-CN,FEW3600H1S1A1BJBWM,3836.29,1.0
2017-04-05,LST-BATTERY,,390.0,13.0
2017-04-05,LST-BATTERY,,1110.0,37.0
2017-04-07,FEW-CN,FEW325900H1S4C2B1A1A3P3B3A1JKM5V3CWA,7528.06,1.0
2017-04-07,FEW-CN,FEW325750H1S4C2B1A1A3P3B3A1JHM5V3CWM,6624.16,1.0
2017-04-07,INSTRU FREIGHT,,3766.0,1.0
2017-04-11,FEW-CN,FEW325020A1S1A1D1B1A2G2B3A1JBM5V3,1560.74,2.0
2017-04-11,FEW-CN,FEW325065A1S1A1B1B1A3G2B4A1JBM5V3CWYT3,984.63,1.0
2017-04-12,FEW-CN,FEW325500H1D4A1B1A1A1P3B3A1JBM5V3,4177.92,1.0
2017-04-13,3KXF065100U0100,,1995.75,25.0
2017-04-17,FEW-CN,FEW325150H1S4A3B1A1A2P2B3A1JBM5V3CWM,1409.2,1.0
2017-04-18,LST400,LST400Y0S30N1P3A1H1SC2M5,1199.95,1.0
2017-04-18,FEW-CN,FEW325450H1S4A1D1B1A4P3B3A1JBM5V3,4766.02,1.0
2017-04-19,FEW-CN,FEW325900K1S4C2B1A1A2P3B3A1JKM5V3CWY,6862.5,1.0
2017-04-21,FEW-CN,FEW3450H1S1A1BJBWM,2737.23,1.0
2017-04-24,FEW-CN,FEW3600H1S1A1BJBWM,7672.58,2.0
2017-04-24,FEW-CN,FEW3600H1S1A1BJBWM,7672.58,2.0
2017-04-25,LST400,LST400Y0S15N1P6A1H1SC2M5,773.3,1.0
2017-04-27,FEW-CN,FEW325150H1S4A1D1A1A3P3B3A1JBM5V3CWM,1508.34,1.0
2017-04-28,LST300,LST300F8C10U2B1L1H1L7M5TC1,522.0,1.0
2017-05-02,3KXL333401L0006,,332.75,1.0
2017-05-02,FEW-CN,FEW385501H1S4C2B1A1A0P2B0Y0JKM5V3CWMF6,27189.16,2.0
2017-05-08,FEW-CN,FEW325500K1S4A1B1A1A2P3B3A1JBM5V3CWY,3802.76,1.0
2017-05-08,FEW-CN,FEW315050K1S1A1B1A1A0G1B4A1JBM5V3T3,813.01,1.0
2017-05-08,LST300,LST300F8C10U2B1L1H1L7M5TC1,522.0,1.0
2017-05-08,FEW-CN,FEW3600H1S1A1BJBWM,3836.29,1.0
2017-05-10,FEW-CN,FEW325040H1S4A3D1A1A2P3B3A1JBM5V3T3,902.8,1.0
2017-05-16,FEW-CN,FEW325750H1S4C1B1A1A3P2B3A1JKM5V3CWM,11047.18,2.0
2017-05-16,FEW-CN,FEW325900H1D4C2B1A1A2P3B3A1JHM5V3CWM,8290.0,1.0
2017-05-17,LST300,LST300F8C06U5B1L1H1L7M5TC1,1092.0,2.0
2017-05-17,FEW-CN,FEW325400K1D4A1B1A1A2P2B4A1JBM5V3CWAT3,2602.41,1.0
2017-05-18,LST300,LST300F3C10U2B1L1H1L7M5S1TC1,591.0,1.0
2017-05-18,FEW-CN,FEW325651H1D4C2B1B1A4P3B3A1JKM5V3CWM,23764.51,1.0
2017-05-19,LST300,LST300F8C06U5B1L1H1L7M5TC1,546.0,1.0
2017-05-22,FEP325,FEP325760H1S1C2B1A1C2P1B0Y1AYJNF6M5,8693.02,1.0
2017-05-24,FEW-CN,FEW325900H1S4C2B1A1A2P3B3A1JKM5V3CWM,10834.0,1.0
2017-05-25,FEW-CN,FEW325750H1D4C2B1A1A3P3B3A1JKM5V3CWM,16963.32,3.0
2017-05-25,FEW-CN,FEW325015A1S1A1D1A1A1G2B4A1JBM5,4324.02,6.0
2017-05-26,LST300,LST300F8C06U5B1L1H1L7M5TC1,2184.0,4.0
2017-05-26,3KXL333401L0001,,608.3,2.0
2017-05-26,LST400,LST400Y0S15N1P3A1H1SC2M5,3155.12,4.0
2017-05-26,FEW-CN,FEW3600H1S1A1BJBWM,3836.29,1.0
2017-05-26,FEW-CN,FEW3450H1S1A1BJBWM,2737.23,1.0
2017-05-27,FEW-CN,FEW3600H1S1A1BJBWM,7672.58,2.0
2017-05-31,LST400,LST400Y0S15N1P6A1H1SC2M5,773.3,1.0
2017-06-01,FEW-CN,FEW325750H1S4C2B1A1A4P3B3A1JKM5V3CWM,22716.32,4.0
2017-06-02,LST300,LST300F8C10U2B1L1H1BECEL7M5TC1,762.0,1.0
2017-06-02,LST300,LST300F8C10U2B1L1H1BECEL7M5TC1,762.0,1.0
2017-06-02,FEW-CN,FEW3500H1S1A1BJBWM,2981.04,1.0
2017-06-06,FEW-CN,FEW325201H1D4C1B1B1A2P3B3A1JKM5V3CWA,21773.7,2.0
2017-06-06,FEW-CN,FEW3500H1S1A1BJBWM,2981.04,1.0
2017-06-08,FEW-CN,FEW3500H1S1A1BJBWM,2981.04,1.0
2017-06-13,LST400,LST400Y0S15N1P6A1H1SC2M5,773.3,1.0
2017-06-16,AU3069,,3182.08,32.0
2017-06-19,FEW-CN,FEW3500H1S1A1BJBWM,2981.04,1.0
2017-06-20,FEW-CN,FEW3500H1S1A1BJBWM,2981.04,1.0
2017-06-21,FEW-CN,FEW3500H1S1A1BJBWM,2981.04,1.0
2017-06-21,FEW-CN,FEW3600H1S1A1BJBWM,3836.29,1.0
2017-06-21,3KQZ207006U0100,,604.64,16.0
2017-06-22,FEW-CN,FEW3600H1S1A1BJBWM,3836.29,1.0
2017-06-23,FEW-CN,FEW325300A1S4A1D1B1A2P3B3G1JBM5V3,3081.32,1.0
2017-06-23,FEW-CN,FEW325250A1S4A1D1B1A2P3B3G1JBM5V3,2546.75,1.0
2017-06-23,FEW-CN,FEW3600H1S1A1BJBWM,3836.29,1.0
2017-06-28,FEW-CN,FEW315300K1S1A3B1A1A0G1B2A1JBM5T3,7251.8,4.0
2017-06-29,3KXL065045U0100,,307.98,3.0
2017-06-29,FEW-CN,FEW325500H1D4A1B1A1A3P3B3A1JBM5V3CWMT3,8444.52,2.0
2017-06-29,FEW-CN,FEW3600H1S1A1BJBWM,3836.29,1.0
2017-07-06,FEW-CN,FEW325400H1S4A1D1B1A4P3B3A1JBM5V3CWM,4100.52,1.0
2017-07-06,FEW-CN,FEW3500H1S1A1BJBWM,2981.04,1.0
2017-07-11,FEW-CN,FEW325300H1S4A1D1A1A3P2B3A1JBM5V3CWMACT5,5481.38,2.0
2017-07-13,FEW-CN,FEW325100H1S4A1D1A1A4P3B3A1JBM5V3CWM,1274.71,1.0
2017-07-14,LST300,LST300F8C06U5B1L1H1L7M5TC1,546.0,1.0
2017-07-18,FEW-CN,FEW325201K1S4C2B1A1A3P3B3A1JKM5V3CWY,11608.91,1.0
2017-07-18,LST300,LST300F8C06U5B1L1H1L7M5TC1,2184.0,4.0
2017-07-18,FEW-CN,FEW3450H1S1A1BJBWM,2737.23,1.0
2017-07-19,LST300,LST300Y0C06U5B1L1H1L7M5S1TC1,1026.0,2.0
2017-07-19,FEW-CN,FEW315040K1S1A1B1A1A0P1B4M1JBM5V3CWYT3,891.51,1.0
2017-07-19,FEW-CN,FEW315050K1S1A1B1A1A0P1B4M1JBM5V3CWYT3,1841.44,2.0
2017-07-19,FEW-CN,FEW315080K1S1A1B1A1A0P1B4M1JBM5V3CWYT3,1029.61,1.0
2017-07-20,GLASSSEALTOOL,,550.0,5.0
2017-07-21,FEW-CN,FEW3500H1S1A1BJBWM,2981.04,1.0
2017-07-21,FEW-CN,FEW325750K1S4C2B1A1A3P3B3A1JKM5V3CWA,5225.91,1.0
2017-07-26,LST400,LST400Y0S15N1P3A1H1SC6M5,885.04,1.0
2017-07-26,LST400,LST400Y0S15N1P6A1H1SC2M5,773.3,1.0
2017-07-26,LST400,LST400Y0S15N1P6A1H1SC2M5,773.3,1.0
2017-07-26,FEW-CN,FEW325200H1S4A1D1A1A3G3B3A1JBM5V3CWM,1795.75,1.0
2017-07-27,FEW-CN,FEW3600H1S1A1BJBWM,3836.29,1.0
2017-07-27,FEW-CN,FEW325500H1D4A1B1A1A4P3B3A1JBM5V3CWMT3,4251.66,1.0
2017-07-27,FEW-CN,FEW325500H1D4A1B1A1A3P3B3A1JBM5V3CWMT3,4222.26,1.0
2017-07-27,FEW-CN,FEW325600H1D4A1B1A1A5P3B3A1JBM5V3CWMT3,5248.81,1.0
2017-07-27,FEW-CN,FEW325600H1D4A1B1A1A4P3B3A1JBM5V3CWMT3,5190.2,1.0
2017-07-28,LST400,LST400Y0S15N1P6A1H1SC2M5,788.78,1.0
2017-07-31,LST400,LST400Y0S15N1P6A1H1SC2M5,788.8,1.0
2017-08-01,FEW-CN,FEW325900H1S4C3B1B1A4P2B4A1JKM5V3CWM,9032.4,1.0
2017-08-02,FSS430,FSS430F1C1F100R0A1A1B1M4,21092.4,7.0
2017-08-02,FSS430,FSS430F1C1F050R0A1A1B1M4,7244.1,3.0
2017-08-02,LST400,LST400Y0Y00N1P6A1H1SC0M5,484.6,1.0
2017-08-03,LST300,LST300F3C10U2B1L1H1L7M5TC1,570.0,1.0
2017-08-04,FEW-CN,FEW3500H1S1A1BJBWM,2981.04,1.0
2017-08-04,FEW-CN,FEW3600H1S1A1BJBWM,3836.29,1.0
2017-08-04,FEW-CN,FEW3500H1S1A1BJBWM,2981.04,1.0
2017-08-04,FEW-CN,FEW3600H1S1A1BJBWM,3836.29,1.0
2017-08-04,FEW-CN,FEW3450H1S1A1BJBWM,2737.23,1.0
2017-08-04,FEW-CN,FEW3600H1S1A1BJBWM,3836.29,1.0
2017-08-04,FEW-CN,FEW3500H1S1A1BJBWM,2981.04,1.0
2017-08-07,FEW-CN,FEW325750H1S4C2B1A1A3P3B3A1JKM5V3CWM,5654.44,1.0
2017-08-07,FEW-CN,FEW3500H1S1A1BJBWM,5962.08,2.0
2017-08-08,LST400,LST400Y0Y00N1P6A1H1SC0M5,484.6,1.0
2017-08-08,LST400,LST400Y0S15N1P6A1H1SC2M5,788.78,1.0
2017-08-11,FEW-CN,FEW325150K1S4A1B1A1A2P2B3A1JBM5V3CWYT3,4934.72,4.0
2017-08-11,FEW-CN,FEW3600H1S1A1BJBWM,3836.29,1.0
2017-08-11,LST300,LST300F3C06U5B1L1H1L7M5S1TC1,543.0,1.0
2017-08-16,FEW-CN,FEW3500H1S1A1BJBWM,2981.04,1.0
2017-08-16,FEW-CN,FEW3600H1S1A1BJBWM,3836.29,1.0
2017-08-16,FEW-CN,FEW325750K1S1C2B1A1A8G2B4A1JHM5V3CWA,5787.0,1.0
2017-08-16,FEP325,FEP325.760.H.1.D.1.C2.B.1.A.1.A.3.P.2.B.0.Y.1.AY.F6.M5,6213.0,1.0
2017-08-18,3KXF065026U0400,,2425.3,10.0
2017-08-22,FEW-CN,FEW3600H1S1A1BJBWM,3836.29,1.0
2017-08-23,FEW-CN,FEW325350A1S1A1B1A1A2P3B3A1JBM5V3T3,4768.52,2.0
2017-08-23,FEW-CN,FEW3600H1S1A1BJBWM,3836.29,1.0
2017-08-24,FEW-CN,FEW3450H1S1A1BJBWM,5474.46,2.0
2017-08-24,FEW-CN,FEW325201H1S4C2B1A1A3P3B4A1JKM5V3CWM,24151.4,2.0
2017-08-25,AT200,"AT200.BW.L.S.R1.M4A.X.CEI.1,400.0000MM",823.25,1.0
2017-08-25,AT200,AT200.BW.L.S.R1.M4A.X.CEI.813MM,816.04,1.0
2017-08-25,AT200,"AT200.BW.L.S.R1.M4A.X.CEI.1,200.0000MM",820.59,1.0
2017-08-25,AT200,AT200.BW.L.S.R1.M4A.X.CEI.800MM,815.9,1.0
2017-08-25,AT200,AT200.BW.L.S.R1.M4A.X.CEI.985MM,817.78,1.0
2017-08-25,AT100,AT100.S6.LW.A.R1.H0.M4A.X.CEI.WP.SS6.R41.X.850MM,824.5,1.0
2017-08-25,AT200,"AT200.BW.L.S.R1.M4A.X.CEX.1,630.0000MM",842.83,1.0
2017-08-25,AT200,"AT200.BW.L.S.R1.M4A.X.CEX.1,590.0000MM",842.42,1.0
2017-08-25,AT100,AT100.S6.LW.S.R1.H0.M4A.X.IEX.FL.SS6.R21.X.939MM,870.67,1.0
2017-08-25,AT100,AT100.S6.LW.S.R1.H0.M4A.X.IEX.FL.SS6.R21.X.1339MM,875.36,1.0
2017-08-25,AT100,AT100.S6.LW.S.R1.H0.M4A.X.IEX.FL.SS6.R21.X.1339MM,875.36,1.0
2017-08-25,AT100,AT100.S6.LW.S.R1.H0.M4A.X.IEX.FL.SS6.R21.X.1339MM,875.36,1.0
2017-08-25,AT100,AT100.S6.LW.S.R1.H0.M4A.X.IEX.FL.SS6.R21.X.1289MM,874.85,1.0
2017-08-25,AT200,"AT200.BW.L.S.R1.M4A.X.CEI.2,000.0000MM",831.66,1.0
2017-08-25,AT200,"AT200.BW.L.S.R1.M4A.X.CEI.2,500.0000MM",838.41,1.0
2017-08-25,AT200,"AT200.BW.L.A.R1.M4A.X.CEX.2,600.0000MM",1528.24,2.0
2017-08-25,AT100,AT100.S6.LW.S.R1.H0.M4A.X.IEX.FL.SS6.R21.X.2139MM,885.36,1.0
2017-08-25,AT100,AT100.S6.LW.S.R1.H0.M4A.X.IEX.FL.SS6.R21.X.2269MM,886.68,1.0
2017-08-25,AT100,AT100.S6.LW.S.R1.H0.M4A.X.IEX.FL.SS6.R21.X.2539MM,890.05,1.0
2017-08-25,AT100,AT100.S6.LW.S.R1.H0.M4A.X.IEX.FL.SS6.R21.X.2539MM,890.05,1.0
2017-08-25,AT100,AT100.S6.LW.S.R1.H0.M4A.X.IEX.FL.SS6.R21.X.1289MM,874.85,1.0
2017-08-25,AT100,AT100.S6.LW.S.R1.H0.M4A.X.IEX.FL.SS6.R21.X.1119MM,872.49,1.0
2017-08-25,AT100,AT100.S6.LW.S.R1.H0.M4A.X.IEX.FL.SS6.R21.X.689MM,867.59,1.0
2017-08-25,AT100,AT100.S6.LW.S.R1.H0.M4A.X.IEX.FL.SS6.R21.X.2539MM,890.05,1.0
2017-08-25,AT100,AT100.S6.LW.S.R1.H0.M4A.X.IEX.FL.SS6.R21.X.2539MM,890.05,1.0
2017-08-25,AT200,AT200.B.L.A.R1.M4A.X.FM.54IN,713.74,1.0
2017-08-28,FEW-CN,FEW3600H1S1A1BJBWM,3836.29,1.0
2017-08-30,LST400,LST400Y0S30N1P6A1H1SC2M5,3602.34,3.0
2017-08-30,HSG2002-CN,,1970.0,100.0
2017-08-30,HSG2012-CN,,775.4,20.0
2017-08-30,FEP325,FEP325.760.H.1.D.1.C2.B.1.A.1.A.2.P.3.B.0.Y.1.-AY.JN.F6.M5,25488.0,3.0
2017-09-04,FEW-CN,FEW325100H1S4A3B1A1A1P3B3A1JBM5V3,1154.89,1.0
2017-09-04,FEW-CN,FEW325450K1S4A1B1A1A2G3B3A1JBM5,3121.4,1.0
2017-09-04,LST300,LST300F8C06U5B1L1H1L7M5TC1,546.0,1.0
2017-09-04,FEW-CN,FEW325200A1S4A1D1B1A2P3B3A1JBM5V3,2041.91,1.0
2017-09-04,FEW-CN,FEW325750H1S4C2B1A1A4P3B3A1JKM5V3CWA,5679.08,1.0
2017-09-06,D323D624U02,,6858.0,100.0
2017-09-06,FEW-CN,FEW3600H1S1A1BJBWM,3836.29,1.0
2017-09-06,FEW-CN,FEW3500H1S1A1BJBWM,2981.04,1.0
2017-09-07,FEW-CN,FEW3600H1S1A1BJBWM,3836.29,1.0
2017-09-08,FEW-CN,FEW3600H1S1A1BJBWM,19181.45,5.0
2017-09-08,FEW-CN,FEW325600K1S4A1B1A1A2P2B3A1JBM5V3,4701.94,1.0
2017-09-11,FEW-CN,FEW325900H1D4C2B1B1A4P3B3A1JKM5V3CWM,15996.64,2.0
2017-09-12,LST300,LST300F8C06U5B1L1H1L7M5TC1,1638.0,3.0
2017-09-12,FEW-CN,FEW325900H1S4C2B1A1A3P3B3A1JKM5V3CWA,7528.06,1.0
2017-09-13,LST400,LST400Y0S15N1P6A1H1SC2M5,773.3,1.0
2017-09-13,FEW-CN,FEW3600H1S1A1BJBWM,3836.29,1.0
2017-09-15,D353B208U02,Pole sheet metal DN 80 FEP_2_,232.5,150.0
2017-09-15,D353B211U02,,290.0,200.0
2017-09-15,D667A205U12,Coil assembly DN 80 FEP3_5 Zn1Div1,267.0,50.0
2017-09-15,D323D626U02,,1688.4,20.0
2017-09-18,D323D624U02,,6858.0,100.0
2017-09-19,FEW-CN,FEW325250A1S4A1D1B1A2P3B3G1JBM5V3,2546.75,1.0
2017-09-19,FEW-CN,FEW325300A1S4A1D1B1A2P3B3G1JBM5V3,3081.32,1.0
2017-09-19,3KXL000016U0100,,1186.0,200.0
2017-09-20,FEW-CN,FEW325250A1S4A1D1B1A2P3B3G1JBM5V3,2546.75,1.0
2017-09-20,FEW-CN,FEW325300A1S4A1D1B1A2P3B3G1JBM5V3,3081.32,1.0
2017-09-21,FEW-CN,FEW325900H1S4C2B1A1A5P3B3M1JKM5V3CWA,7692.14,1.0
2017-09-22,FEW-CN,FEW325300A1S4A1D1B1A2P3B3G1JBM5V3,3081.32,1.0
2017-09-25,3KXL000016U0100,,1186.0,200.0
2017-09-28,LST400,LST400Y0S15N1P6A1H1SC8M5,1868.0,2.0
2017-09-28,FEW-CN,FEW325350H1S4A1B1B1A4P3B3A1JBM5V3CWMT5,49493.88,18.0
2017-10-09,HSG2002-CN,,2167.0,110.0
2017-10-09,LST400,LST400Y0S15N1P6A1H1SC2B2TCM5,883.61,1.0
2017-10-09,D323D626U04,,1697.8,20.0
2017-10-09,FEW-CN,FEW325450H1S1A1D1A1A4P2B4A1JBM5V3CWMT3,4254.71,1.0
2017-10-09,FEW-CN,FEW325450H1S1A1D1A1A5P2B4A1JBM5V3CWMT3,4313.33,1.0
2017-10-09,FEW-CN,FEW315600H1D4A3B1A1A0P1B3G1JBM5V3T3,6810.6,1.0
2017-10-09,FEW-CN,FEW325065A1S1A1B1B1A3G2B4A1JBM5V3CWYT3,984.63,1.0
2017-10-09,LST300,LST300F8C06U5B1L1H1L7M5TC1,546.0,1.0
2017-10-10,FEW-CN,FEW325900H1S4C2B1A1A4P3B3A1JKM5V3CWA,7552.7,1.0
2017-10-10,LST300,LST300Y0C10U2B1L1H1L2M5TC1,540.0,1.0
2017-10-11,FEW-CN,FEW325350H1S4A1D1B1A4P3B3A1JBM5V3CWM,3431.85,1.0
2017-10-11,FEW-CN,FEW325400H1S4A1D1B1A6P3B3A1JBM5V3CWM,4247.31,1.0
2017-10-11,FEW-CN,FEW325400H1S4A1D1B1A4P3B3A1JBM5V3CWM,4100.52,1.0
2017-10-11,FEW-CN,FEW325150H1S4A1D1B1A4P3B3A1JBM5V3CWM,1628.08,1.0
2017-10-11,AT200,AT200.BW.L.A.R1.M4A.X.FM.30IN,7166.4,10.0
2017-10-11,AT200,AT200.BW.L.A.R1.M4A.X.FM.64IN,1453.98,2.0
2017-10-11,AT200,AT200.BW.L.A.R1.M4A.X.FM.36IN,14378.2,20.0
2017-10-11,INSTRU FREIGHT,,1600.0,1.0
2017-10-12,LST300,LST300F8C06U5B1L1H1L7M5TC1,1092.0,2.0
2017-10-12,FEW-CN,FEW3600H1S1A1BJBWM,3836.29,1.0
2017-10-13,FEW-CN,FEW325900K1D4C2B1A1A4P3B3A1JKM5V3CWY,6912.06,1.0
2017-10-16,LST400,LST400Y0S15N1P6A1H1SC6M5,885.04,1.0
2017-10-16,LST400,LST400Y0S15N1P6A1H1SC2FA4M5,910.34,1.0
2017-10-16,FEW-CN,FEW3600H1S1A1BJBWM,7672.58,2.0
2017-10-19,FEW-CN,FEW3500H1S1A1BJBWM,2981.04,1.0
2017-10-19,LST400,LST400Y0S15N1P6A1H1SC6M5,885.04,1.0
2017-10-20,FSV430,FSV430.F3.C1.W050R0.A6.A1.A1.M4.L1.SP0.M5,6371.2,4.0
2017-10-23,LST300,LST300F8C10U2B1L1H1L7M5TC1,594.0,1.0
2017-10-23,FEW-CN,FEW3500H1S1A1BJBWM,2981.04,1.0
2017-10-24,FEW-CN,FEW325050H1S4A1D1A1A2G3B3A1JBM5V3CWMT3,902.18,1.0
2017-10-24,FEW-CN,FEW325150H1S4A1D1B1A4P3B3A1JBM5V3,1628.08,1.0
2017-10-24,FEW-CN,FEW315080K1S1A1B1A1A0G1B4M1JBM5,8236.88,8.0
2017-10-25,FEW-CN,FEW3500H1S1A1BJBWM,2981.04,1.0
2017-10-25,FEW-CN,FEW3600H1S1A1BJBWM,3836.29,1.0
2017-10-26,FEW-CN,FEW3500H1S1A1BJBWM,5962.08,2.0
2017-10-26,FEW-CN,FEW3600H1S1A1BJBWM,3836.29,1.0
2017-10-31,FEW-CN,FEW325.500.H.1.S.4.A1.D.1.A.1.A.2.P.2.B.3.A.1.M5.V3.CWM,5687.0,1.0
2017-10-31,FEW-CN,FEW325.250.H.1.S.4.A1.D.1.A.1.A.2.P.2.B.3.A.1.M5.V3.CWM,2115.0,1.0
2017-11-02,FEW-CN,FEW325150K1S4A1B1A1A6G3B3M1JBM5CWAT3,1568.97,1.0
2017-11-02,3KXL333401L0006,,332.75,1.0
2017-11-03,LST300,LST300Y0C10U2B1L1H1BUL0M5TC1,606.0,1.0
2017-11-03,LST400,LST400Y0S15N1P6A1H1SC2M5,3093.2,4.0
2017-11-06,3KXL333401L0006,,332.75,1.0
2017-11-08,FEW-CN,FEW325250H1S4A3B1A1A2G2B3A1JBM5V3T3,1887.82,1.0
2017-11-08,FEW-CN,FEW325150H1S4A3B1A1A2G2B3A1JBM5V3T3,1409.2,1.0
2017-11-09,LST300,LST300Y0C10U2B1L1H1L2M5TC1,1080.0,2.0
2017-11-09,FSV430,FSV430Y0R1F300R0A1A1B1M4,14489.98,2.0
2017-11-09,AT100,AT100.S6.LW.A.R1.H1.M4A.X.FM.WP.CST.R31.F1B.33IN,1054.07,1.0
2017-11-09,AT200,AT200.TW.L9.A.R1.M4A.X.CEX.14IN,993.19,1.0
2017-11-09,AT200,AT200.TW.L.A.R1.M4A.X.CEX.18IN,947.29,1.0
2017-11-09,AT100,AT100.S6.LW.A.R1.H0.M4A.X.FM.CF.F1B.84IN,1017.5,1.0
2017-11-09,AT200,AT200.BW.L.A.R1.M4A.X.FM.14IN,1905.7,2.0
2017-11-09,AT200,AT200.TW.L9.A.R1.M4A.X.CEX.72IN,1010.31,1.0
2017-11-09,AT200,AT200.BW.L.A.R1.M4A.X.FM.915MM,1919.4,2.0
2017-11-09,AT100,AT100.S6.LW.A.R1.H1.M4A.X.FM.CF.F17B.21IN,4152.64,4.0
2017-11-09,AT200,AT200.T.L9.S.R1.M4A.X.FM.43IN,3173.22,3.0
2017-11-09,AT200,AT200.BW.L9.A.H2.M4AF.X.FM.2000MM,1369.09,1.0
2017-11-09,AT200,AT200.BW.L.S.R1.M4A.X.IEI.2900MM,3238.95,3.0
2017-11-09,AT200,AT200.BW.L.A.R1.M4A.X.CEI.24IN,955.55,1.0
2017-11-09,AT200,AT200.BW.L.A.R1.M4A.X.FM.192IN,1005.05,1.0
2017-11-09,AT200,AT200.TW.C.A.IW.M4A.X.CEX.1250MM,1078.17,1.0
2017-11-09,AT100,AT100.S6.CW.A.R1.H0.M4A.X.FM.WP.SS6.R41.F25T2.38IN,1370.01,1.0
2017-11-10,FEW-CN,FEW325150A1D4A3B1A1A0P2B3A1JBM5V3CWYT3,1460.63,1.0
2017-11-10,LST300,LST300F3C10U2B1L1H1L7M5S1TC1,591.0,1.0
2017-11-10,3KXF065094U0100,,3509.7,30.0
2017-11-14,3KXF065100U0100,,1995.75,25.0
2017-11-14,LST300,LST300F8C06U5B1L1H1L7M5TC1,546.0,1.0
2017-11-15,FEW-CN,FEW325201H1D4C2B1B1A2P3B3A1JKM5V3CWM,26219.4,2.0
2017-11-17,LST400,LST400Y0S15N1P6A1H1SC4M5,1675.14,2.0
2017-11-20,FEW-CN,FEW3450H1S1A1BJBWM,2737.23,1.0
2017-11-23,FEW-CN,FEW325200H1S4A1D1A1A3G3B3A1JBM5V3CWM,1795.75,1.0
2017-11-23,D323D626U04,,1697.8,20.0
2017-11-28,FEW-CN,FEW325080H1S1A3D1B1A2G2B3A1JBM5,1262.67,1.0
2017-11-28,FEW-CN,FEW325150H1S1A3D1B1A2G2B3A1JBM5,1829.8,1.0
2017-11-28,FEW-CN,FEW325200H1S1A3D1B1A2G2B3A1JBM5,2191.86,1.0
2017-11-28,FEW-CN,FEW325050H1S1A3D1B1A2G2B3A1JBM5,953.29,1.0
2017-11-30,D371C031U01,,222.0,300.0
2017-11-30,HSG2012-CN,,7754.0,200.0
2017-11-30,HSG2002-CN,,9850.0,500.0
2017-12-04,3KQZ207006U0100,,604.64,16.0
2017-12-04,LST300,LST300F8C06U5B1L1H1L7M5TC1,546.0,1.0
2017-12-04,FEW-CN,FEW325500A1S4A1B1A1A2P3B3A1JBM5V3CWY,18201.68,4.0
2017-12-07,FEW-CN,FEW325250H1S4A1D1A1A3P3B3A1JBM5V3CWM,2113.89,1.0
2017-12-07,FEW-CN,FEW315080H1S4A1D1A1A0P1B3A1JBM5V3T3,1039.29,1.0
2017-12-07,FEW-CN,FEW315200H1S4A1D1A1A0P1B3A1JBM5V3T3,1716.76,1.0
2017-12-07,FEW-CN,FEW3600H1S1A1BJBWM,3836.29,1.0
2017-12-08,D371C031U01,,222.0,300.0
2017-12-08,LST300,LST300Y0C10U2B1L1H1L0M5TC1,486.0,1.0
2017-12-08,FEW-CN,FEW325300K1S4A1B1A1A3G3B3A1JBM5V3CWAT3,3743.8,2.0
2017-12-12,FEW-CN,FEW325100H1S4A1D1A1A3P3B3A1JBM5V3CWM,1245.32,1.0
2017-12-12,LST300,LST300F8C10U2B1L1H1L7M5TC1,594.0,1.0
2017-12-12,3KXF065031U0100,,2155.1,10.0
2017-12-13,FEW-CN,FEW3600H1S1A1BJBWM,7672.58,2.0
2017-12-13,D323D626U02,,1688.4,20.0
2017-12-13,AT200,AT200.TW.L.S.R1.M4A.X.FM.16IN,8205.28,8.0
2017-12-13,AT200,AT200.BW.L.A.R1.M4A.X.FM.6IN,9137.7,10.0
2017-12-13,AT200,AT200.TW.L.S.R1.M4A.X.FM.13IN,2049.38,2.0
2017-12-15,FEW-CN,FEW315900H1S4C2B1A1A0P1B3A1JKM5V3CWA,29847.36,4.0
2017-12-15,FEW-CN,FEW315900H1S4C2B1A1A0P1B3A1JKM5V3CWA,14923.68,2.0
2017-12-19,FEW-CN,FEW325900H1S4C2B1A1A3P3B3A1JKM5V3CWM,15056.12,2.0
2017-12-20,FEW-CN,FEW325450A1S4A1B1A1A3P3B3A1JBM5V3,3848.02,1.0
2017-12-21,LMT100,LMT100.F1.H1.R1.A1.P1.NT.B.N.H1.D2.L2.F1.01B.00Y.TS.40.IN,1395.78,1.0
2017-12-21,LMT100,LMT100.F1.S6.R2.C3.P2.AR.E.D.S6.D4.L2.F1.02B.00Y.24.IN,1405.41,1.0
2017-12-21,LMT100,LMT100.M1.S6.R1.A1.P1.NT.B.N.S6.D2.L2.F1.01B.00Y.FS.S1.12.IN,1086.59,1.0
2017-12-21,LMT100,LMT100.M1.S6.R2.C1.P1.NT.B.N.S6.D2.L2.F1.15B.99Z.40.IN,2409.44,2.0
2017-12-21,LMT100,LMT100.M1.S6.R3.C1.P1.NT.B.N.S6.D2.L2.F1.15B.99Z.40.IN,2656.02,2.0
2017-12-21,LMT100,LMT100.M1.S6.R3.C6.P1.NT.B.N.S6.D1.L2.F1.01B.00Y.20.IN,1169.34,1.0
2017-12-21,LMT100,LMT100.E3.S6.R2.C3.P1.NT.B.N.S6.D3.L2.F1.17B.00Y.610.MM,1306.69,1.0
2017-12-21,LMT200,LMT200.M1.S6.R1.B1.D2.L2.F1.SEH.S1.AV.12.IN,1201.94,1.0
2017-12-21,LMT200,LMT200.F2.S6.R2.B2.D2.L2.F1.TS.8.IN,1113.14,1.0
2017-12-21,LMT200,LMT200.C1.S6.R1.T1.D1.L2.F1.AV.305.MM,1149.92,1.0
2017-12-21,LMT100,LMT100.E1.S6.R3.A1.P1.NT.B.N.S6.D3.L2.F1.01B.00Y.FS.533.MM,1298.64,1.0
2017-12-21,LMT100,LMT100.C4.S6.R2.C4.P1.NT.B.N.S6.D1.L2.F1.01B.00Y.S1.1016.MM,2310.06,2.0
2017-12-21,LMT100,LMT100.C4.S6.R1.A1.P1.NT.B.N.S6.D2.L2.F1.01B.00Y.533.MM,1027.03,1.0
2017-12-21,LMT200,LMT200.F1.S6.R1.T2.D2.L2.F1.SEH.12.IN,1138.12,1.0
2017-12-21,LMT100,LMT100.C2.S6.R2.C1.P1.NT.B.N.S6.D1.L2.F1.01B.00Y.533.MM,2149.1,2.0
2017-12-21,LMT100,LMT100.N2.S6.R1.C2.P2.AR.E.E.S6.D2.L2.F1.17B.99Z.S1.40.IN,2243.84,2.0
2017-12-21,LMT200,LMT200.C2.S6.R3.T2.D4.L2.F1.381.MM,1279.54,1.0
2017-12-21,LMT200,LMT200.N1.S6.R2.T1.D4.L2.F1.S1.14.IN,1278.15,1.0
2017-12-21,LMT200,LMT200.M1.S6.R1.T2.D2.L2.F1.356.MM,1115.1,1.0
2017-12-21,LMT200,LMT200.M1.S6.R3.B2.D2.L2.F1.SEH.305.MM,1274.67,1.0
2017-12-25,3KXL333401L0011,,179.85,1.0
2017-12-27,LST400,LST400Y0C15N1P3A1H1SC2M5,862.49,1.0
2017-12-27,LST300,LST300Y0C06U5A1L1H1L2M5TC1,492.0,1.0
2017-12-28,FEW-CN,FEW325065A1S1A1B1B1A3G2B4A1JBM5V3CWYT3,984.63,1.0
2017-12-29,FEW-CN,FEW3600H1S1A1BJBWM,3836.29,1.0
2017-12-29,LST300,LST300F3C10U2B1L1H1L7M5S1TC1,591.0,1.0
2018-01-03,FEW-CN,FEW325750H1S1C2B1A1A3P3B3A1JKM5V3CWM,5167.95,1.0
2018-01-03,FEW-CN,FEW325750K1S4C2B1A1A1P3B3A1JKM5V3CWA,5188.74,1.0
2018-01-03,INSTRU FREIGHT,,2151.0,1.0
2018-01-03,LST400,LST400Y0S15N1P6A1H1SC2M5,1546.6,2.0
2018-01-05,FEW-CN,FEW3500H1S1A1BJBWM,2981.04,1.0
2018-01-11,D323D626U02,,1688.4,20.0
2018-01-15,FEW-CN,FEW3500H1S1A1BJBWM,2981.04,1.0
2018-01-15,LST400,LST400Y0S15N1P6A1H1SC2M5,773.3,1.0
2018-01-17,LST300,LST300F8C10U2B1L1H1L7M5TC1,594.0,1.0
2018-01-17,LST400,LST400Y0S15N1P6A1H1SC2M5,773.3,1.0
2018-01-17,FEW-CN,FEW325200H1S4A1D1B1A4G3B4A1JBM5V3CWMT3,1942.04,1.0
2018-01-18,FEW-CN,FEW3600H1S1A1BJBWM,7672.58,2.0
2018-01-19,FEW-CN,FEW315200K1S1A1B1A1A0G1B3A1JBM5CWAT3,1243.32,1.0
2018-01-19,FEW-CN,FEW3080A1S4A1BJBWY,5522.8,10.0
2018-01-19,FEW-CN,FEW3050A1S4A1BJBWY,4321.8,10.0
2018-01-19,FEW-CN,FEW3100A1S4A1BJBWY,6184.9,10.0
2018-01-22,FEW-CN,FEW325300K1D4A1B1A1A7P3B3A1JBM5V3CWAT3,4213.74,2.0
2018-01-23,FEW-CN,FEW325500H1S4A1D1A1A4G3B3A1JBM5V3T3,5828.47,1.0
2018-01-23,LST300,LST300F8C06U5B1L1H1L7M5TC1,546.0,1.0
2018-01-24,D173D031U01,,1134.0,300.0
2018-01-24,FEW-CN,FEW3600H1S1A1BJBWM,19181.45,5.0
2018-01-24,FEW-CN,FEW325300A1S4A1D1A1A2P3B3G1JBM5V3,2990.97,1.0
2018-01-25,LST400,LST400Y0S15N1P6A1H1SC2M5,773.3,1.0
2018-01-26,FEW-CN,FEW3600H1S1A1BJBWM,3836.29,1.0
2018-01-26,FEW-CN,FEW3500H1S1A1BJBWM,2981.04,1.0
2018-01-26,FSS430,FSS430F1C1F100R0A1A1B1M4,3013.2,1.0
2018-01-26,FSS430,FSS430F1C1F050R0A1A1B1M4,2414.7,1.0
2018-01-30,FEW-CN,FEW3080A1S4A1BJBWY,5522.8,10.0
2018-01-30,FEW-CN,FEW3080A1S4A1BJBWY,5522.8,10.0
2018-01-30,LST300,LST300F8C06U5B1L1H1L7M5TC1,546.0,1.0
2018-01-30,FEW-CN,FEW325065A1S1A1B1B1A3G2B4A1JBM5V3CWYT3,984.63,1.0
2018-01-30,FEW-CN,FEW315080K1S3A1B1A1A0G1B3A1JBM5V3T3,915.88,1.0
2018-01-30,FEW-CN,FEW325250H1S4A1D1A1A4P3B3A1JBM5V3CWM,2143.28,1.0
2018-01-31,FEW-CN,FEW325051K1D4C1B1B1A3P2B3A1JKM5V3CWA,34285.52,4.0
2018-01-31,3KXL333401L0011,,899.25,5.0
2018-02-01,D323D624U02,,1371.6,20.0
2018-02-05,LST300,LST300F8C06U5B1L1H1L7M5TC1,546.0,1.0
2018-02-06,LST300,LST300F8C06U5B1L1H1L7M5TC1,546.0,1.0
2018-02-08,FEW-CN,FEW325450H1D4A1B1A1A5P3B3A1JBM5V3CWMT3,3611.21,1.0
2018-02-09,D323D626U04,,1697.8,20.0
2018-02-22,3KXF065099U0100,,264.8,20.0
2018-02-22,LST300,LST300F3C06U5B1L1H1BVL0M5S1TC1,2388.0,4.0
2018-02-22,FEW-CN,FEW325750H1S4C2B1B1A3P2B3A1JKM5V3CWM,6081.9,1.0
2018-02-22,D323D624U02,,1371.6,20.0
2018-02-22,LST300,LST300F8C10U2B1L1H1L7M5TC1,1224.0,2.0
2018-02-24,FEW-CN,FEW325350H1S4A1D1A1A4P3B3A1JBM5V3CWM,3263.68,1.0
2018-02-24,FSS430,FSS430F1C1F150R0A1A1B1M4,3653.0,1.0
2018-02-24,FSS430,FSS430F1R1F050R0A1A1B1M4,4920.4,2.0
2018-02-24,FSS430,FSS430F1C1F100R0A1A1B1M4,6026.4,2.0
2018-02-27,FEW-CN,FEW325200K1S0A1B1A1A1P2B3A1JBM5V3,1256.31,1.0
2018-02-27,FEW-CN,FEW325065A1S1A1B1B1A3G2B4A1JBM5V3CWYT3,984.63,1.0
2018-02-27,FEW-CN,FEW325032A1S1A1B1B1A3G2B4A1JBM5V3CWYT3,872.93,1.0
2018-02-27,LST300,LST300F8C10U2B1L1H1BECEL7M5TC1,762.0,1.0
2018-02-27,LST300,LST300F8C10U2B1L1H1BECEL7M5TC1,762.0,1.0
2018-02-28,LST400,LST400Y0S15N1P6A1H1SC2M5,773.3,1.0
2018-02-28,3KXL333401L0011,,179.85,1.0
2018-03-05,FEW-CN,FEW325400K1S4A1B1A1A2G3B3A1JBM5V3T3,2597.52,1.0
2018-03-05,LST400,LST400Y0S15N1P3A1H1SC2M5,1577.56,2.0
2018-03-06,FEW-CN,FEW3600H1S1A1BJBWM,11508.87,3.0
2018-03-07,LST400,LST400Y0Y00N1P6A1H1SC0M5,484.6,1.0
2018-03-07,FEW-CN,FEW325250H1S4A1D1A1A4P3B3A1JBM5V3CWM,2143.28,1.0
2018-03-12,FEW-CN,FEW3600H1S1A1BJBWM,3836.29,1.0
2018-03-12,FEW-CN,FEW325500H1D4A1B1A1A3P3B3A1JBM5V3CWMT3,4222.26,1.0
2018-03-12,FEW-CN,FEW315065H1S4A1B1A1A0P1B4M1JBM5V3CWMT3,2043.98,2.0
2018-03-12,FEW-CN,FEW325050H1S4A1D1A1A2P2B3A1JBM5V3T3,11446.76,13.0
2018-03-12,FEW-CN,FEW325040H1S4A1D1A1A2P2B3A1JBM5V3T3,840.54,1.0
2018-03-12,FEW-CN,FEW385100H1S4A1B1A1A3P3B0Y0JBM5V3CWAF6T3,889.44,1.0
2018-03-12,FEW-CN,FEW325750H1S4C2B1B1A4P3B3A1JKM5V3CWM,6124.7,1.0
2018-03-12,LST300,LST300F3C10U2B1L1H1L7M5S1TC1,591.0,1.0
2018-03-13,3KXL333401L0001,,304.15,1.0
2018-03-14,LST400,LST400Y0Y00N1P6A1H1SC0M5,484.6,1.0
2018-03-14,3KXL000016U0100,,1186.0,200.0
2018-03-15,FEW-CN,FEW3600H1S1A1BJBWM,3836.29,1.0
2018-03-16,D323D624U02,,1371.6,20.0
2018-03-19,DOC/CERT,,50.0,1.0
2018-03-19,LST300,LST300F8C06U5B1L1H1CEL7M5S1TC1,1809.0,3.0
2018-03-19,FEW-CN,FEW3500H1S1A1BJBWM,2981.04,1.0
2018-03-20,3KXF065280U0100,,1063.1,10.0
2018-03-21,LST300,LST300Y0C06U5A1L1H1L7M5TC1,474.0,1.0
2018-03-21,LST400,LST400Y0C15N1P6A1H1SC2M5,862.49,1.0
2018-03-22,FEW-CN,FEW3500H1S1A1BJBWM,2981.04,1.0
2018-03-26,FEW-CN,FEW385100H1S4A1B1A1A3P3B0Y0JBM5V3CWAF6T3,889.44,1.0
2018-03-26,FEW-CN,FEW325150H1S4A1D1A1A3P3B3A1JBM5V3CWM,12066.72,8.0
2018-03-26,FEW-CN,FEW325080H1S4A1D1A1A3P3B3A1JBM5V3CWM,4473.12,4.0
2018-03-26,FEW-CN,FEW325100H1S4A1D1A1A3P3B3A1JBM5V3CWM,1245.32,1.0
2018-03-26,FEW-CN,FEW3600H1S1A1BJBWM,3836.29,1.0
2018-03-26,FEW-CN,FEW3600H1S1A1BJBWM,7672.58,2.0
2018-03-26,FEW-CN,FEW3500H1S1A1BJBWM,5962.08,2.0
2018-03-28,LST300,LST300F3C10U2B1L1H1L7M5S1TC1,591.0,1.0
2018-03-28,LST300,LST300F3C10U2B1L1H1L7M5S1TC1,1182.0,2.0
2018-03-28,LST300,LST300F3C10U2B1L1H1L7M5S1TC1,591.0,1.0
2018-03-28,LST300,LST300F8C10U2B1L1H1L7M5TC1,2970.0,5.0
2018-03-29,LST300,LST300F3C06U5B1L1H1L7M5TC1,468.0,1.0
2018-03-30,3KXF065282U0100,,1322.3,10.0
2018-04-02,FEW-CN,FEW325450A1S4A1B1A1A4P3B3A1JBM5V3CWYT3,3877.41,1.0
2018-04-03,D323D626U02,,1688.4,20.0
2018-04-03,D323D626U04,,1697.8,20.0
2018-04-03,FEW-CN,FEW3600H1S1A1BJBWM,3836.29,1.0
2018-04-09,D323D624U02,,1371.6,20.0
2018-04-09,LST300,LST300Y0C06U5B1L1H1L0M5TC1,456.0,1.0
2018-04-09,FSV430,FSV430.F1.C1.W025R0.A6.A1.B1.M4.L1.SP0.M5,1335.4,1.0
2018-04-09,FSV430,FSV430.F1.C1.F050R0.A6.A1.B1.M4.L1.SP0.M5,1768.7,1.0
2018-04-09,FSV430,FSV430.F1.C1.W050R0.A6.A1.B1.M4.L1.SP0.M5,1599.89,1.0
2018-04-09,FSV430,FSV430.F1.C1.W080R0.A6.A1.B1.M4.L1.SP0.M5,1403.26,1.0
2018-04-09,FSV430,FSV430F1C1W025R0A1A1B1M4,1335.4,1.0
2018-04-09,FSV430,FSV430F1C1W050R0A1A1B1M4,1289.91,1.0
2018-04-09,FSV430,FSV430F1C1F050R0A1A1B1M4,2535.2,2.0
2018-04-09,FSV430,FSV430F1C1F080R0A1A1B1M4,1356.23,1.0
2018-04-09,FSV430,FSV430F1C1W080R0A1A1B1M4,1403.26,1.0
2018-04-10,LST300,LST300F8C06U5B1L1H1L7M5TC1,546.0,1.0
2018-04-12,FEW-CN,FEW325500H1D4A1B1B1A3P3B3A1JBM5V3CWMT3,4390.43,1.0
2018-04-12,FEW-CN,FEW325300H1S4A3B1A1A2P2B3A1JBM5V3CWM,2227.83,1.0
2018-04-12,FEW-CN,FEW325400H1S1A3B1A1A1G2B3A1JBM5T3,6207.0,2.0
2018-04-12,FEW-CN,FEW325400H1S1A3B1A1A1G2B3A1JBM5T3,3103.5,1.0
2018-04-13,FEW-CN,FEW3450H1S1A1BJBWM,5474.46,2.0
2018-04-13,FEW-CN,FEW3450H1S1A1BJBWM,5474.46,2.0
2018-04-13,FEW-CN,FEW3450H1S1A1BJBWM,5474.46,2.0
2018-04-16,FEW-CN,FEW325201H1S1C2B1B1A2P3B3A1JKM5V3CWM,12053.13,1.0
2018-04-16,FEW-CN,FEW325900H1S4C2B1A1A2P3B3A1JKM5V3CWM,15006.28,2.0
2018-04-16,3KXF065282U0100,,2380.14,18.0
2018-04-16,CS-FLOW,CB板3KXF065280U0100预编程,3341.16,18.0
2018-04-17,FEW-CN,FEW325100H1S4A1D1A1A1P2B4A1JBM5V3CWMT3,1205.87,1.0
2018-04-17,FEW-CN,FEW325400A1S1A1D1B1A5P2B3A1JBM5V3T3,4024.08,1.0
2018-04-17,FEW-CN,FEW325500H1S4A1D1A1A3P3B3A1JBM5V3CWM,5799.08,1.0
2018-04-17,FEW-CN,FEW325150H1S4A1D1A1A3P3B3A1JBM5V3CWM,1508.34,1.0
2018-04-17,FEW-CN,FEW325250H1S4A1D1A1A3P3B3A1JBM5V3CWM,6341.67,3.0
2018-04-17,FEW-CN,FEW325200H1S4A1D1A1A3P3B3A1JBM5V3CWM,1795.75,1.0
2018-04-18,FEW-CN,FEW3500H1S1A1BJBWM,2981.04,1.0
2018-04-18,D323D626U04,,1697.8,20.0
2018-04-19,3KQZ207006U0100,,2645.3,70.0
2018-04-19,3KXF065026U0400,,4850.6,20.0
2018-04-19,3KQZ207044U0200,,1154.0,25.0
2018-04-19,3KXF065081U0400,,1891.35,15.0
2018-04-19,3KXF065094U0100,,3509.7,30.0
2018-04-19,AU3069,,5966.4,60.0
2018-04-20,3KXF065095U0100,,80.0,50.0
2018-04-20,3KXF065031U0100,,4310.2,20.0
2018-04-23,FEW-CN,FEW3600H1S1A1BJBWM,3836.29,1.0
2018-04-23,FEW-CN,FEW325500A1S4A1B1A1A3P3B3A1JBM5V3,4580.14,1.0
2018-04-23,FEW-CN,FEW325400A1S4A1B1A1A3P3B3A1JBM5V3,3188.87,1.0
2018-04-23,FEW-CN,FEW3500H1S1A1BJBWM,2981.04,1.0
2018-04-24,3KQZ207044U0200,,1154.0,25.0
2018-04-25,LST400,LST400Y0S30N1P3A1H1SC2M5,1152.0,1.0
2018-04-25,LST300,LST300F8C06U5B1L1H1L7M5TC1,546.0,1.0
2018-04-26,D323D624U02,,1371.6,20.0
2018-04-27,FEW-CN,FEW325500H1D4A1B1B1A3P3B3A1JBM5V3CWMT3,8780.86,2.0
2018-04-28,D355G010U01,,164.0,100.0
2018-05-02,FEW-CN,FEW3600H1S1A1BJBWM,3836.29,1.0
2018-05-04,D323D626U04,,1697.8,20.0
2018-05-07,FEW-CN,FEW3600H1S1A1BJBWM,3836.29,1.0
2018-05-08,D323D626U02,,1688.4,20.0
2018-05-09,FEW-CN,FEW3600H1S1A1BJBWM,3836.29,1.0
2018-05-10,D323D624U02,,1371.6,20.0
2018-05-10,FEW-CN,FEW325300K1S4A1B1A1A1G2B3A1JBM5V3CWAT3,1805.91,1.0
2018-05-15,FEW-CN,FEW325050H1S4A1D1A1A2P2B3A1JBM5V3T3,880.52,1.0
2018-05-16,LST300,LST300F8C06U5B1L1H1L7M5TC1,1638.0,3.0
2018-05-16,3KXF065100U0100,,1995.75,25.0
2018-05-22,FEW-CN,FEW315500A1D1A1B1A1A0P1B3A1JBM5V3T3,7988.28,2.0
2018-05-30,FEW-CN,FEW325400H1C4A1B1A1A2P2B3A1JBM5V3CWMT3,2982.67,1.0
2018-05-30,FEW-CN,FEW325300A1S4A1D1B1A2P3B3G1JBM5V3,3081.32,1.0
2018-05-31,D323D624U02,,1371.6,20.0
2018-06-01,FEW-CN,FEW325300H1S4A3D1A1A3G3B3A1JBM5V3T5,3368.73,1.0
2018-06-01,FEW-CN,FEW325200H1S4A3D1A1A3G3B3A1JBM5V3T5,2196.22,1.0
2018-06-01,FEW-CN,FEW3500H1S1A1BJBWM,2981.04,1.0
2018-06-01,FEW-CN,FEW3500H1S1A1BJBWM,2981.04,1.0
2018-06-01,FEW-CN,FEW3500H1S1A1BJBWM,2981.04,1.0
2018-06-01,FEW-CN,FEW3600H1S1A1BJBWM,3836.29,1.0
2018-06-01,FEW-CN,FEW3600H1S1A1BJBWM,3836.29,1.0
2018-06-01,LST300,LST300F8C10U2B1L1H1L7M5TC1,1188.0,2.0
2018-06-01,FEW-CN,FEW325351K1D4C2B1B1A3P3B3A1JKM5V3CWA,29754.96,2.0
2018-06-04,D323D626U02,,1688.4,20.0
2018-06-04,LST300,LST300F8C06U5B1L1H1L7M5TC1,1092.0,2.0
2018-06-05,D323D626U04,,1697.8,20.0
2018-06-05,LST300,LST300F8C06U5B1L1H1L7M5TC1,546.0,1.0
2018-06-08,FSV430,FSV430.F3.C1.W050R0.A6.A1.B1.M4.L1.SP0.M5,26982.8,20.0
2018-06-08,FSV430,FSV430.F3.C1.W050R0.A6.A1.B1.M4.L1.SP0.M5,26982.8,20.0
2018-06-11,3KXL000016U0100,,1186.0,200.0
2018-06-11,FEP325,FEP325500A1A1A1B1L1B5P1B0Y1AYJ1F6T3M5,10671.58,1.0
2018-06-12,LST300,LST300F8C10U2B1L1H1L7M5TC1,1188.0,2.0
2018-06-13,LST400,LST400Y0S15N1P6A1H1SCAM5,982.95,1.0
2018-06-14,D323D624U02,,1371.6,20.0
2018-06-14,LST300,LST300Y0C06U5A1L1H1L0M5TC1,438.0,1.0
2018-06-15,LST300,LST300F8C06U5B1L1H1L7M5TC1,5688.0,12.0
2018-06-20,FEW-CN,FEW315350K1D1A1B1A1A0P1B3A1JBM5V3CWAT3,1892.11,1.0
2018-06-20,FEW-CN,FEW315250K1D1A1B1A1A0P1B3A1JBM5V3CWAT3,1393.11,1.0
2018-06-20,FEW-CN,FEW325350K1D4A1B1A1A3P3B3A1JBM5V3CWAT3,2206.74,1.0
2018-06-21,LST300,LST300F4C10U2B1L1H1L0M5TC1TCS,588.0,1.0
2018-06-21,FEW-CN,FEW3450H1S1A1BJBWM,2737.23,1.0
2018-06-26,FEP315,FEP315020A1D4A1B1A1A0P1B4C1AYH2M5,1520.35,1.0
2018-06-26,FEP311,FEP311065A1D4A1B1A1A0A1B3C1AYH2M5,1592.4,1.0
2018-06-26,FSV430,FSV430F3C1F080R0A3A1A1M4,1544.95,1.0
2018-06-26,LST300,LST300Y0C06U5B1L1H1L7M5TC1,474.0,1.0
2018-06-26,FEW-CN,FEW325750H1S4C2B1A1A3P3B3A1JKM5V3CWM,11308.88,2.0
2018-06-27,FEW-CN,FEW325500H1D3A1D1A1A4P3B3A1JBM5V3CWMT3,11260.14,2.0
2018-06-27,FEW-CN,FEW325200H1D3A1D1A1A4P3B3A1JBM5V3CWMT3,7098.16,4.0
2018-06-27,FEW-CN,FEW325150H1D3A1D1A1A4P3B3A1JBM5V3CWMT3,5986.6,4.0
2018-06-27,FEW-CN,FEW325750K1S4C1B1A1A2P3B3A1JKM5V3CWA,10176.58,2.0
2018-06-27,3KXF065099U0100,,264.8,20.0
2018-06-28,LST400,LST400Y0F15N1P6A1H1SC2M5,2452.14,3.0
2018-06-28,FSV430,FSV430.F3.C1.W050R0.A6.A1.B1.M4.L1.SP0.M5,11900.0,10.0
2018-06-28,FSV430,FSV430.F3.C1.W050R0.A6.A1.B1.M4.L1.SP0.M5,11900.0,10.0
2018-06-28,FSV430,FSV430F3C1W050R0A6A1B1M4,17850.0,15.0
2018-06-28,FSV430,FSV430F3C1W050R0A6A1B1M4,17850.0,15.0
2018-06-28,FSV430,FSV430F3C1W050R0A6A1B1M4,23800.0,20.0
2018-06-28,FSV430,FSV430F3C1W050R0A6A1B1M4,23800.0,20.0
2018-06-28,FSV430,FSV430F3C1W050R0A6A1B1M4,17850.0,15.0
2018-06-28,FSV430,FSV430F3C1W050R0A6A1B1M4,17850.0,15.0
2018-06-28,FSV430,FSV430F3C1W050R0A6A1B1M4,23800.0,20.0
2018-06-28,FSV430,FSV430F3C1W050R0A6A1B1M4,23800.0,20.0
2018-06-29,LST300,LST300F8C06U5B1L1H1L7M5TC1,546.0,1.0
2018-07-02,FEW-CN,FEW325600H1S1A3B1A1A4P2B3A1JBM5V3CWMT3,6291.78,1.0
2018-07-02,LST300,LST300F8C06U5B1L1H1L7M5TC1,546.0,1.0
2018-07-02,FEW-CN,FEW3600H1S1A1BJBWM,7672.58,2.0
2018-07-02,FEW-CN,FEW3450H1S1A1BJBWM,2737.23,1.0
2018-07-06,D323D626U02,,1688.4,20.0
2018-07-10,FEW-CN,FEW3600H1S1A1BJBWM,3836.29,1.0
2018-07-11,FSV430,FSV430F3C1F025R0A1A1B1M4,1158.99,1.0
2018-07-11,INSTRU OTHERS,,92.72,1.0
2018-07-11,FEW-CN,FEW325900K1S4C2B1A1A4P3B3A1JKM5V3CWA,6912.06,1.0
2018-07-19,LST300,LST300F4C06U5B1L1H1L2M5TC1,564.0,1.0
2018-07-26,FEW-CN,FEW325400A1S1A1B1A1A1G2B3A1JBM5V3,2766.82,1.0
2018-07-26,LST300,LST300Y0C06U5A1L1H1L7M5TC1,948.0,2.0
2018-08-01,FEP325,FEP325.760.H.1.D.1.C2.B.1.A.1.A.3.P.2.B.0.Y.1-AY..F6....M5,6213.0,1.0
2018-08-01,FEW-CN,FEW325.900.H.1.S.4.C2.B.1.A.1.A.3.P.3.B.3.A.1-.JK.M5.V3.CWM,21728.0,2.0
2018-08-01,FEW-CN,FEW325900H1S4C2B1A1A3P2B3A1JHM5V3,7586.45,1.0
2018-08-01,FEW-CN,FEW325750H1S4C2B1A1A3P2B3A1JKM5V3,16908.87,3.0
2018-08-01,FEW-CN,FEW3450H1S1A1BJBWM,2737.23,1.0
2018-08-01,FSV430,FSV430F3C1W050R0A6A1B1M4,19040.0,16.0
2018-08-02,FEW-CN,FEW325350A1S4A1B1A1A2P2B3A1JBM5V3,2664.2,1.0
2018-08-02,FEW-CN,FEW315080H1S1A1D1A1A0G1B4A1JBM5CWM,2049.52,2.0
2018-08-06,LST300,LST300Y0C06U5A1L1H1L7M5TC1,948.0,2.0
2018-08-07,FEP315,FEP315050A1S1A1B0A1A0R1B3D1AYH2M5,3956.48,2.0
2018-08-07,LST400,LST400Y0F15N1P6A1H1SCAM5,1011.55,1.0
2018-08-07,FEP325,FEP325300A1D2A1B0A1B2P1B0Y1AYF6M5,13565.82,3.0
2018-08-07,FEP325,FEP325600A1D1A3B0A1B2P1B0Y1AYF6M5,12245.61,1.0
2018-08-07,FEP325,FEP325025A1D2A1B0A1B2P1B0Y1AYF6M5,1747.71,1.0
2018-08-07,FEP325,FEP325050A1D2A1B0A1B2P1B0Y1AYF6M5,1791.62,1.0
2018-08-07,LST400,LST400Y0C15N1P6A1H1SC2M5,862.49,1.0
2018-08-07,FEP315,FEP315015A1D1A1D1A1A0P1B3C1AYH2M5,1423.14,1.0
2018-08-07,FEP315,FEP315025A1D1A1B0A1B0P1B4C1AYH2M5,1487.6,1.0
2018-08-07,FEP311,FEP311040A1D4D4B0A1A0A1A2B1AYH1M5,1495.19,1.0
2018-08-07,FEP311,FEP311150H1A2A1B0A1A0A1B3C1AYH1M5,1929.21,1.0
2018-08-07,FSV430,FSV430F3C1W050R0A6A1B1M4,23800.0,20.0
2018-08-08,LST300,LST300Y0C10U2A1L1H1L7M5TC1,522.0,1.0
2018-08-09,FEW-CN,FEW3600H1S1A1BJBWM,7672.58,2.0
2018-08-09,3KXL333401L0002,,353.1,1.0
2018-08-09,LST300,LST300F8C06U5B1L1H1CEL7M5S1TC1,1972.62,3.0
2018-08-09,3KXL065041U0400,,462.0,2.0
2018-08-09,LST400,LST400Y0S15N1P6A1H1SCAM5,982.95,1.0
2018-08-09,LST300,LST300F8C10U2B1L1H1L7M5TC1,1782.0,3.0
2018-08-13,LST400,LST400Y0S15N1P3A1H1SC4TCM5,848.79,1.0
2018-08-14,FSV430,FSV430F3C1W050R0A1A1B1M4,1039.16,1.0
2018-08-15,3KXL000016U0100,,1186.0,200.0
2018-08-15,FEW-CN,FEW325065H1S4A1B1B1A1P2B3A1JBM5V3CWMT3,1904.3,2.0
2018-08-15,FEW-CN,FEW3500H1S1A1BJBWM,2981.04,1.0
2018-08-16,FSV430,FSV430F3C1F015R0A6A1A1M4,1419.17,1.0
2018-08-17,FEW-CN,FEW3500H1S1A1BJBWM,5962.08,2.0
2018-08-20,LST400,LST400Y0C15N1P6A1H1SC2M5,862.49,1.0
2018-08-21,FEW-CN,FEW3450H1S1A1BJBWM,2737.23,1.0
2018-08-22,FEP325,FEP325200H1D1A1D1B1A4P3B0Y1AYF6T3M5,3920.29,1.0
2018-08-23,FEW-CN,FEW325150K1S3A1B1A1A1G2B3A1JBM5,1177.99,1.0
2018-08-23,FEW-CN,FEW325065A1S3A1B1A1A1G2B3A1JBM5,880.17,1.0
2018-08-23,3KXF065280U0100,,531.55,5.0
2018-08-24,FEW-CN,FEW325651K1D4C2B1B1A4P3B3A1JKM5V3,21792.06,1.0
2018-08-27,FEW-CN,FEW325900H1D4C2B1A1A4G2B3A1JHM5V3CWM,7633.18,1.0
2018-08-28,FEW-CN,FEW325600H1D4A1B1A1A3P3B3A1JBM5V3CWMT3,5160.8,1.0
2018-08-28,FEW-CN,FEW325400H1S4A1D1B1A4P3B3A1JBM5V3CWM,4100.52,1.0
2018-08-28,FEW-CN,FEW3500H1S1A1BJBWM,2981.04,1.0
2018-08-28,FEW-CN,FEW3600H1S1A1BJBWM,3836.29,1.0
2018-08-28,FEW-CN,FEW325900H1D4C2B1A1A6P3B3A1JHM5V3CWM,7754.64,1.0
2018-08-29,CS-FLOW,3KXF002503U0500,779.19,1.0
2018-08-29,CS-FLOW,3KXF002501U0500,1052.8,2.0
2018-08-29,CS-FLOW,3KXF002066U1300,302.32,1.0
2018-08-29,CS-FLOW,3KXF002065U1300,331.97,1.0
2018-08-29,CS-FLOW,3KXF002066U1200,422.0,2.0
2018-08-29,CS-FLOW,3KXF002065U1200,309.15,1.0
2018-08-29,CS-FLOW,3KXF002503U0200,734.3,1.0
2018-08-29,CS-FLOW,3KXF002501U0500,1052.8,2.0
2018-08-29,CS-FLOW,3KXF002502U0200,1605.0,3.0
2018-08-29,CS-FLOW,3KXF002500U0500,1176.0,3.0
2018-08-29,CS-FLOW,3KXF002501U0200,1127.4,3.0
2018-08-29,CS-FLOW,3KXF002500U0200,2484.0,6.0
2018-08-29,CS-FLOW,3KXF065273U0200,1870.0,2.0
2018-08-29,CS-FLOW,3KXF002503U0500,779.19,1.0
2018-08-29,CS-FLOW,3KXF065273U0500,2294.5,2.0
2018-08-29,FSV430,FSV430F3C1W025R0A1A1B1M4,1104.65,1.0
2018-08-30,CS-LV,3KXL000139U1400,3825.24,1.0
2018-08-30,FEW-CN,FEW325300A1S4A1D1B1A3P3B3G1JBM5V3CWY,3111.04,1.0
2018-08-30,FEW-CN,FEW325300A1S4A1D1B1A2P3B3G1JBM5V3CWY,3081.32,1.0
2018-08-30,3KXF065202U0100,,4945.0,20.0
2018-08-30,3KXP000062U0100,,169.0,20.0
2018-08-31,FEW-CN,FEW325450H1D4A1B1A1A3P3B3A1JBM5V3CWMT3,3523.2,1.0
2018-08-31,3KXF065031U0100,,4310.2,20.0
2018-09-03,FEW-CN,FEW3500H1S1A1BJBWM,5962.08,2.0
2018-09-03,FEW-CN,FEW3450H1S1A1BJBWM,2737.23,1.0
2018-09-05,FSV430,FSV430F3C1W050R0A6A1B1M4,35700.0,30.0
2018-09-05,D323D624U02,,1371.6,20.0
2018-09-10,FEP325,FEP325050P1G1A1B1A1A0P1B0Y1AYF6M5,1413.97,1.0
2018-09-10,FEP311,FEP311065A1F1A1D0A1B0A1B4C1AYH2M5,1845.31,1.0
2018-09-10,FEW-CN,FEW3600H1S1A1BJBWM,3836.29,1.0
2018-09-12,LST400,LST400Y0F15N1P6A1H1SC2M5,817.38,1.0
2018-09-12,FEW-CN,FEW315100H1S4A3B1A1A0P1B3A1JBM5V3CWMT3,1120.24,1.0
2018-09-12,SE41F,SE41F-T80HR1BSAA41E,1655.04,2.0
2018-09-12,SE41F,SE41F-T1HHR1BSAA41E,923.26,1.0
2018-09-13,LST300,LST300Y0C06U5A1L1H1L7M5TC1,474.0,1.0
2018-09-17,FEW-CN,FEW325100K1D4A1B1A1A3G2B3A1JBM5V3T3,1066.01,1.0
2018-09-19,3KXL000139U1400,,586.608,2.525
2018-09-19,FSV430,FSV430F3C1W050R0A6A1B1M4,23800.0,20.0
2018-09-20,FSV430,FSV430F3C1W050R0A6A1B1M4,23800.0,20.0
2018-09-21,LST300,LST300F8C06U5B1L1H1L7M5TC1,546.0,1.0
2018-09-27,LST300,LST300F8C06U5B1L1H1L7M5TC1,1092.0,2.0
2018-09-27,LST300,LST300F8C10U2B1L1H1L7M5TC1,1188.0,2.0
2018-09-27,FEW-CN,FEW325150H1S4S2B1A1A3G2B3A1JBM5V3T3,1314.84,1.0
2018-09-27,LST300,LST300Y0C06U5B1L1H1L7M5TC1,474.0,1.0
2018-09-28,FEP325,FEP325080A1D1D4B1A1A2M2A0Y1AYF5M5,1766.01,1.0
2018-09-29,CS-FLOW,,437.3,1.0
2018-09-29,FLOWDOC,MISCELLANEOUS BUYOUT FOR VORTEX/Swirl Pr,4705.92,18.0
2018-09-29,CS-FLOW,3KXF002501U0200,1992.5,5.0
2018-09-29,CS-FLOW,3KXF002500U0200,1749.2,4.0
2018-09-29,CS-FLOW,3KXF002503U0200,5299.0,7.0
2018-09-29,CS-FLOW,3KXF065274U0200,1355.0,1.0
2018-09-29,FLOWDOC,MISCELLANEOUS BUYOUT FOR VORTEX/SWII,1080.0,1.0
2018-10-08,FEW-CN,FEW325900H1S4C2B1A1A3P2B3A1JKM5V3CWMNL,7989.9,1.0
2018-10-08,FEW-CN,FEW3600H1S1A1BJBWM,7672.58,2.0
2018-10-08,FEW-CN,FEW3450H1S1A1BJBWM,2737.23,1.0
2018-10-08,LST400,LST400Y0S15N1P6A1H1SC4B2M5,921.18,1.0
2018-10-08,FEW-CN,FEW325051H1D4C2B1A1A3G3B3A1JKM5V0CWA,9403.49,1.0
2018-10-08,FEW-CN,FEW325900H1D4C2B1A1A3G3B3A1JKM5V0CWA,7528.06,1.0
2018-10-08,FEW-CN,FEW325900H1S4C2B1B1A4G3B3A1JKM5V0CWA,7998.32,1.0
2018-10-08,3KXF065094U0100,,3509.7,30.0
2018-10-08,FEW-CN,FEW3500H1S1A1BJBWM,2981.04,1.0
2018-10-08,FEW-CN,FEW3600H1S1A1BJBWM,7672.58,2.0
2018-10-08,D323D624U02,,1371.6,20.0
2018-10-09,D323D626U04,,1697.8,20.0
2018-10-09,FEW-CN,FEW325300A1S4A1D1B1A2P3B3G1JBM5V3CWY,3081.32,1.0
2018-10-10,LST300,LST300Y0C06U5A1L1H1BFL2M5TC1,1224.0,2.0
2018-10-10,LST400,LST400Y0Y00N1P6A1H1SC0M5,484.6,1.0
2018-10-12,FSV430,FSV430F3C1W050R0A6A1B1M4,23800.0,20.0
2018-10-12,FSV430,FSV430F3C1W050R0A6A1B1M4,23800.0,20.0
2018-10-12,LST300,LST300F3C10U2B1L1H1L7M5S1TC1,591.0,1.0
2018-10-15,FEW-CN,FEW3450H1S1A1BJBWM,2737.23,1.0
2018-10-15,FEW-CN,FEW3500H1S1A1BJBWM,2981.04,1.0
2018-10-15,FEW-CN,FEW3600H1S1A1BJBWM,3836.29,1.0
2018-10-15,CS-FLOW,3KXF002503U0200,2937.2,4.0
2018-10-16,FEW-CN,FEW3450H1S1A1BJBWM,5474.46,2.0
2018-10-16,FEW-CN,FEW3600H1S1A1BJBWM,7672.58,2.0
2018-10-16,D655B157U17-CN,,15400.0,14.0
2018-10-16,CS-FLOW,3KXF002501U0500,526.4,1.0
2018-10-17,LST300,LST300F8C06U5B1L1H1L7M5TC1,546.0,1.0
2018-10-18,FEW-CN,FEW325450H1S4A1B1A1A2G3B3A1JBM5V3CWMT3,3493.48,1.0
2018-10-22,FEP325,FEP325.020.A.1.S.4.A1.D.0.A.1.A.2.R.2.B.0.Y.1.AY.JA.F6.M5,1448.2,1.0
2018-10-23,FEW-CN,FEW3600H1S1A1BJBWM,7672.58,2.0
2018-10-23,3KXL000016U0100,,1186.0,200.0
2018-10-23,3KXL000016U0100,,1974.69,333.0
2018-10-24,FEW-CN,FEW325450H1D4A1B1A1A2P3B3A1JBM5V3,3493.48,1.0
2018-10-24,FEW-CN,FEW325150H1S4A1D1B1A4P3B3A1JBM5V3CWM,1628.08,1.0
2018-10-24,FEW-CN,FEW325300K1S4A1B1A1A1G2B3A1JBM5V3CWAT3,1805.91,1.0
2018-10-24,FEW-CN,FEW325600H1C4A1B1A1A3P3B3A1JBM5V3CWA,5248.65,1.0
2018-10-24,LST300,LST300F8C06U5B1L1H1L7M5TC1,6552.0,12.0
2018-10-24,FEW-CN,FEW325450H1S4A1B1A1A6P3B3A1JBM5V3T3,3699.39,1.0
2018-10-24,D323D624U02,,1371.6,20.0
2018-10-25,FSV430,FSV430F3C1W050R0A6A1B1M4,23800.0,20.0
2018-10-25,FSV430,FSV430F3C1W050R0A6A1B1M4,23800.0,20.0
2018-10-25,LST300,LST300F8C06U5B1L1H1L7M5TC1,2730.0,5.0
2018-10-26,FEW-CN,FEW3500H1S1A1BJBWM,2981.04,1.0
2018-10-31,3KQZ207006U0100,,1322.65,35.0
2018-10-31,LST300,LST300F3C06U5B1L1H1L7M5S1TC1,2715.0,5.0
2018-11-02,3KXF065100U0100,,1995.75,25.0
2018-11-05,CS-FLOW,3KXF002500U0200,414.0,1.0
2018-11-05,CS-FLOW,3KXF002503U0500,779.19,1.0
2018-11-05,CS-FLOW,3KXF065273U0200,1870.0,2.0
2018-11-06,FEW-CN,FEW315150K1S1A1B1A1A0P1B3A1JBM5,3371.73,3.0
2018-11-06,FEW-CN,FEW325032A1S4A1B1A1A2P2B3A1JBM5V3,1573.84,2.0
2018-11-06,FEW-CN,FEW325020A1S4A1B1A1A2P2B3A1JBM5V3,732.48,1.0
2018-11-06,FEW-CN,FEW325065H1S4A1B1A1A2P2B3A1JBM5V3,1830.66,2.0
2018-11-06,AU3069,,2983.2,30.0
2018-11-06,FEW-CN,FEW315100K1S4S2B1A1A0G1B1A1JBM5,990.98,1.0
2018-11-06,FSV430,FSV430F3C1F015R0A6A1B1M4,1419.17,1.0
2018-11-07,D323D626U02,,1688.4,20.0
2018-11-08,FEW-CN,FEW325150H1S4A1D1A1A3P3B3A1JBM5V3CWM,7541.7,5.0
2018-11-08,FEW-CN,FEW325200H1S4A1D1A1A3P3B3A1JBM5V3CWM,3591.5,2.0
2018-11-12,FEW-CN,FEW3450H1S1A1BJBWM,5474.46,2.0
2018-11-13,LST300,LST300F8C06U5B1L1H1L7M5TC1,2730.0,5.0
2018-11-13,LST300,LST300F8C10U2B1L1H1L7M5TC1,594.0,1.0
2018-11-15,3KXL333401L0002,3KXL333401L0002,353.1,1.0
2018-11-16,STT4500,CABLE VKJ SENSOR,7800.0,2000.0
2018-11-19,LST400,LST400Y0S15N1P6A1H1SCAM5,982.95,1.0
2018-11-19,S4,S4-BGA04110EXXM5,18142.2,20.0
2018-11-19,FEW-CN,FEW325150H1S4A1D1A1A2P2B3A1JBM5V3CWMT3,1456.96,1.0
2018-11-19,CS-FLOW,3KXF065273U0200,935.0,1.0
2018-11-21,LST400CABLE,,213.36,76.2
2018-11-27,LST300,LST300C5C06U5A1L1H1L7M5TC1,1008.0,2.0
2018-11-28,D323D624U02,,1371.6,20.0
2018-11-28,FEW-CN,FEW325600H1D4A1B1A1A3P3B3A1JBM5V3CWM,10321.6,2.0
2018-11-29,3KQZ207044U0200,,1154.0,25.0
2018-11-29,3KXF065081U0400,,1891.35,15.0
2018-11-29,CS-FLOW,,1854.9,6.0
2018-12-03,FEW-CN,FEW3450H1S1A1BJBWM,2737.23,1.0
2018-12-03,CS-FLOW,3KXF002501U0200,751.6,2.0
2018-12-03,CS-FLOW,3KXF002502U0200,535.0,1.0
2018-12-04,CS-FLOW,3KXF002501U0200,1879.0,5.0
2018-12-04,CS-FLOW,3KXF002065U1200,927.45,3.0
2018-12-05,SE41F,SE41F-T1FHR1BSAA44K,2273.99,1.0
2018-12-05,FSV430,FSV430F1R1F300R0A3A1B1H1,8439.27,1.0
2018-12-05,SE41F,SE41F-T4HHR1BSAA41KxA1000000M5,6113.56,1.0
2018-12-05,SE41F,SE41F-T2HHR1BSAA41KxA1000000M5,9900.64,4.0
2018-12-05,SE41F,SE41F-T1HHR1BSAA41KxA1000000M5,9194.5,5.0
2018-12-05,SE41F,SE41F-T80HR1BSAA41KxA1000000M5,5237.58,3.0
2018-12-05,SE41F,SE41F-T3HHR1BSAA41KxA1000000M5,30062.55,7.0
2018-12-05,SE41F,SE41F-T2FHR1BSAA41KxA1000000M5,31879.4,10.0
2018-12-05,SE41F,SE41F-T3FHR1BSAA41KxA1000000M5,20965.4,4.0
2018-12-05,SE41F,SE41F-T1FHR1BSAA41KxA1000000M5,25430.4,12.0
2018-12-05,SE41F,SE41F-T4FHR1BSAA41KxA1000000M5,7201.14,1.0
2018-12-05,FSV430,FSV430F1R1F250R0A3A1B1H1,6367.82,1.0
2018-12-05,FEW-CN,FEW325900K1S4C2B1A1A3P3B3A1JKM5V3CWA,6887.42,1.0
2018-12-05,FEW-CN,FEW325750H1S4C2B1A1A2P2B3A1JKM5V3CWM,16207.6,2.0
2018-12-05,STT4500/500,,7800.0,4.0
2018-12-05,LST300,LST300Y0C06U5B1L1H1L7M5TC1,474.0,1.0
2018-12-07,LST300,LST300Y0C06U5A1L1H1L0M5TC1,876.0,2.0
2018-12-10,LST400,LST400Y0F15N1P6A1H1SC2M5,6539.04,8.0
2018-12-10,FEW-CN,FEW325065A1S4A1B1A1A2P3B3A1JBM5V3CWY,2802.96,3.0
2018-12-10,LST400,LST400Y0S15N1P3A1H1SC4FA4M5,959.13,1.0
2018-12-10,D323D624U02,,1371.6,20.0
2018-12-11,STT4500/500,,7800.0,4.0
2018-12-11,LST400,LST400Y0S15N1P6A1H1SC2M5,2319.9,3.0
2018-12-11,3KXF065280U0100,,10631.0,100.0
2018-12-12,FEW-CN,FEW325351H1S4C2B1B1A6P3B3A1JKM5V3CWM,16209.15,1.0
2018-12-12,LST400,LST400Y0S15N1P6A1H1SC2M5,773.3,1.0
2018-12-13,LST400,LST400Y0C15N1P6A1H1SC2M5,862.49,1.0
2018-12-13,LST400,LST400Y0S15N1P6A1H1SC2M5,1546.6,2.0
2018-12-17,CS-FLOW,3KXF002501U0200,375.8,1.0
2018-12-21,FSV430,FSV430F3C1F080R0A1A1B1M4,1105.48,1.0
2018-12-24,FEW-CN,FEW325750K1S4C2B1A1A4P3B3A1JKM5V3CWA,5250.54,1.0
2018-12-24,3KXF065509U0100,,9782.3,110.0
2018-12-27,LST400,LST400Y0S15N1P6A1H1SC2M5,3866.5,5.0
2018-12-27,LST400,LST400Y0Y00N1P6A1H1SC0M5,484.6,1.0
2018-12-27,3KXL333401L0011,,179.85,1.0
2018-12-28,FEW-CN,FEW325400A1D4A1B1A1A3P3B3A1JBM5V3T3,3188.87,1.0
2019-01-03,LST400,LST400Y0S15N1P6A1H1SC2M5,773.3,1.0
2019-01-04,SE41F,SE41F-T1HHR1BSAA41ExA1000000M5,3768.45,5.0
2019-01-04,SE41F,SE41F-T2HHR1BSAA41ExA1000000M5,3864.33,3.0
2019-01-07,SE41F,SE41F-T80HR1BSAA41ExA1000000M5,804.21,1.0
2019-01-07,FEW-CN,FEW3600H1S1A1BJBWM,3836.29,1.0
2019-01-07,FEW-CN,FEW3450H1S1A1BJBWM,2737.23,1.0
2019-01-07,SE41F,SE41F-T1FHR1BSAA41ExA1000000M5,3957.16,4.0
2019-01-07,3KXF065099U0100,,264.8,20.0
2019-01-07,SE41F,SE41F-T1HHR1BSAA41ExA1000000,897.21,1.0
2019-01-07,FSV430,FSV430F1C1F050R0A1A1B1M4,1267.6,1.0
2019-01-08,S4,S4-BGA03110EXXM5,4175.9,5.0
2019-01-08,SE41F,SE41F-T3FHR1ASAA41ExA1010010,3315.77,1.0
2019-01-08,SE41F,SE41F-E2HPR1ASAA41ExA1010010M5,4222.0,2.0
2019-01-08,3KXF065092U0100,,200.0,100.0
2019-01-08,3KXF065095U0100,,200.0,100.0
2019-01-08,3KXF065100U0100,,1995.75,25.0
2019-01-08,SE41F,SE41F-T50SR1BSAA42ExA1000000VKM5,1378.18,1.0
2019-01-08,SE41F,SE41F-T80SR1ASAA42ExA1000000VKM5,1328.27,1.0
2019-01-08,SE41F,SE41F-T1HSR1BSAA42ExA1000000VKM5,1478.98,1.0
2019-01-08,SE41F,SE41F-T1FSR1BSAA42ExA1000000VKM5,1714.43,1.0
2019-01-08,SE41F,SE41F-T2FSR1BSAA42ExA1000000VKM5,2612.17,1.0
2019-01-09,CS-FLOW,3KXF002502U0200,3210.0,6.0
2019-01-10,FSV430,FSV430F3C1W080R0A6A1B1M4,22683.4,20.0
2019-01-14,FSV430,FSV430F3C1W080R0A6A1B1M4,11341.7,10.0
2019-01-14,FSV430,FSV430F3C1W080R0A6A1B1M4,11341.7,10.0
2019-01-14,FSV430,FSV430F3C1W080R0A6A1B1M4,11341.7,10.0
2019-01-14,FSV430,FSV430F3C1W080R0A6A1B1M4,13610.04,12.0
2019-01-14,FSV430,FSV430F3C1W080R0A6A1B1M4,4536.68,4.0
2019-01-14,FEW-CN,FEW325750K1S1C2B1B1A2P2B3A1JHM5V3CWA,26508.05,5.0
2019-01-14,FEW-CN,FEW325750K1S1C2B1B1A2P2B3A1JHM5V3CWA,21206.44,4.0
2019-01-14,FEW-CN,FEW325750K1S1C2B1B1A2P2B3A1JHM5V3CWA,26508.05,5.0
2019-01-14,FEW-CN,FEW325900K1S1C2B1B1A2P2B3A1JHM5V3CWA,39680.28,6.0
2019-01-14,FSV430,FSV430F3C1W050R0A1A1B1M4,3117.48,3.0
2019-01-14,FSV430,FSV430F3C1F080R0A1A1B1M4,3316.44,3.0
2019-01-14,FSV430,FSV430F3C1F050R0A1A1B1M4,3050.55,3.0
2019-01-17,FEW-CN,FEW325150H1S4A3B1A1A4P2B3A1JBM5V3CWMT3,1468.31,1.0
2019-01-17,FEW-CN,FEW325200H1S4A3B1A1A4P2B3A1JBM5V3CWMT3,1672.39,1.0
2019-01-17,SE41F,SE41F-T1HHR1BSAA41ExA1005005M5,1753.36,1.0
2019-01-17,FEW-CN,FEW3500H1S1A1BJBWM,5962.08,2.0
2019-01-17,FEW-CN,FEW3500H1S1A1BJBWM,5962.08,2.0
2019-01-17,FSV430,FSV430F3C1W080R0A6A1B1M4,11341.7,10.0
2019-01-17,FSV430,FSV430F3C1W080R0A6A1B1M4,14744.21,13.0
2019-01-17,FSV430,FSV430F3C1W080R0A6A1B1M4,13610.04,12.0
2019-01-18,FSV430,FSV430F3C1F015R0A6A1B1M4,1419.17,1.0
2019-01-18,FSV430,FSV430F3C1F015R0A6A1B1M4,1419.17,1.0
2019-01-18,FSV430,FSV430F3C1F025R0A6A1B1M4,3205.52,2.0
2019-01-21,STT4500/500,,7800.0,4.0
2019-01-21,FEW-CN,FEW3450H1S1A1BJBWM,8211.69,3.0
2019-01-21,FEW-CN,FEW3500H1S1A1BJBWM,2981.04,1.0
2019-01-21,CS-FLOW,,935.0,1.0
2019-01-21,D323D624U02,,1371.6,20.0
2019-01-22,AU3069,,2983.2,30.0
2019-01-22,FEW-CN,FEW325600A1S4A1D1A1A3P3B3A1JBM5V3,15894.06,2.0
2019-01-22,FEW-CN,FEW325400A1S4A1D1A1A3P3B3A1JBM5V3,4145.61,1.0
2019-01-23,LST400,LST400Y0Y00N1P6A1H1SC0M5,484.6,1.0
2019-01-23,SE41F,SE41F-T50HR1BSAA44ExA1010010VCM5,3839.1,2.0
2019-01-24,CS-FLOW,3KXF065273U0200,935.0,1.0
2019-01-28,FEW-CN,FEW3500H1S1A1BJBWM,2981.04,1.0
2019-01-28,FSV430,FSV430F3C1F080R0A1A1B1M4,2210.96,2.0
2019-01-28,FSV430,FSV430F3C1F050R0A1A1B1M4,3050.55,3.0
2019-01-28,FSV430,FSV430F3C1F100R0A1A1A1M4,2447.22,2.0
2019-01-31,LST400,LST400Y0S30N1P6A1H1SC2M5,1281.12,1.0
2019-02-01,FEW-CN,FEW3450H1S1A1BJBWM,2737.23,1.0
2019-02-11,FEW-CN,FEW3500H1S1A1BJBWM,2981.04,1.0
2019-02-11,FEW-CN,FEW3450H1S1A1BJBWM,5474.46,2.0
2019-02-11,FEW-CN,FEW325250A1S4A1D1B1A3P3B3G1JBM5V3,2576.48,1.0
2019-02-11,3KXF065280U0100,,5315.5,50.0
2019-02-11,3KXF065280U0100,,5315.5,50.0
2019-02-11,3KXF065280U0100,,5315.5,50.0
2019-02-11,3KXF065509U0100,,5335.8,60.0
2019-02-11,D108A003U01,,6600.0,2500.0
2019-02-11,D108A003U21,,10752.0,4200.0
2019-02-11,S4,S4-BGA04110EXXM5,2721.33,3.0
2019-02-11,LST300,LST300F3C06U5B1L1H1L7M5S1TC1,543.0,1.0
2019-02-11,FEW-CN,FEW325501H1S1C2B1A1A3P3B3A1JKM5V3CWA,17480.07,1.0
2019-02-11,STT4500/500,,7800.0,4.0
2019-02-11,LST300,LST300F8C10U2B1L1H1L7M5TC1,1188.0,2.0
2019-02-14,SE41F,SE41F-T1FHR1BSAA41E,1177.55,1.0
2019-02-14,FEW-CN,FEW325.750.A.1.S.4.B1.B.1.A.1.A.2.P.2.B.3.A.1-.JK..M5V3,38119.2,4.0
2019-02-14,FEW-CN,FEW325750H1S4C2B1A1A3P3B3A1JKM5V3CWM,5654.44,1.0
2019-02-14,FEW-CN,FEW325600H1S1A1B1B1A3P2B3A1JBM5V3CWMT3,39230.03,7.0
2019-02-14,FEW-CN,FEW325600H1S1A1B1B1A3P2B3A1JBM5V3CWMT3,33625.74,6.0
2019-02-14,INSTRU FREIGHT,,5945.0,1.0
2019-02-15,3KXL000016U0100,,1186.0,200.0
2019-02-15,3KXF065280U0100,,10631.0,100.0
2019-02-18,FEW-CN,FEW3500H1S1A1BJBWM,5962.08,2.0
2019-02-18,FEP315,FEP315100P1S4A1B1A1A0R1B3D1AYH2J1M5,2650.59,1.0
2019-02-19,FEW-CN,FEW325400H1S4A1B1A1A2P2B3A1JBM5V3CWMT3,5789.66,2.0
2019-02-20,D323D624U02,,1371.6,20.0
2019-02-21,3KXF065100U0100,,1995.75,25.0
2019-02-21,CS-FLOW,3KXF065273U0200,935.0,1.0
2019-02-22,SE41F,SE41F-T50HR1BSAA44E,3839.1,2.0
2019-02-25,FSS430,FSS430F3R1F015R0A6A1B1M4,1612.96,1.0
2019-02-25,3KXL333401L0001,,304.15,1.0
2019-02-25,CS-FLOW,3KXF065273U0200,5610.0,6.0
2019-02-25,LST400,LST400Y0S15N1P3A1H1SC4FA4M5,959.13,1.0
2019-02-26,FEW-CN,FEW3600H1S1A1BJBWM,3836.29,1.0
2019-02-26,3KXF002066U1200,,1055.0,5.0
2019-02-26,FEP632,FEP632-Y0P20025A1T1B1S0A70Y0Y0ADR0DS0C0CMACRAF5J6K0M5MS0CR0SMANC1NFSRCDSC1TCTK1TV2V0,591.77,1.0
2019-02-28,FEW-CN,FEW325250A1S4A1D1B1A3P3B3G1JBM5V3,2576.48,1.0
2019-03-01,D323D624U02,,1371.6,20.0
2019-03-06,FEW-CN,FEW325500H1S4A1B1A1A5P3B3A1JBM5V3,4310.27,1.0
2019-03-06,FEW-CN,FEW325600H1S4A1B1A1A5P3B3A1JBM5V3,10497.62,2.0
2019-03-06,STT4500/500,,7800.0,4.0
2019-03-06,FEW-CN,FEW325100K1S0A1B1A1A3G3B3A1JBM5V3CWYT3,1032.73,1.0
2019-03-08,SE41F,SE41F-T1FHR1BSAA41E,2355.1,2.0
2019-03-08,SE41F,SE41F-H40ER1ASAA41E,1631.38,1.0
2019-03-11,CS-FLOW,,2254.8,6.0
2019-03-11,CS-FLOW,,935.0,1.0
2019-03-11,SE41F,SE41F-E3FHR1BSAA81K,5962.2,1.0
2019-03-12,LST300,LST300F8C06U5B1L1H1L7M5TC1,546.0,1.0
2019-03-12,LST400,LST400Y0S15N1P6A1H1SCAM5,982.95,1.0
2019-03-12,FEW-CN,FEW315750K1S4A1B1B1A0P1B3A1JKM5V3CWY,5070.79,1.0
2019-03-12,FEW-CN,FEW315450K1S4A1B1B1A0P1B3A1JBM5V3CWYT3,3240.3,1.0
2019-03-13,S4,S4-BGA04120EXXM5,926.57,1.0
2019-03-14,FEW-CN,FEW325100A1S4A1D1A1A3P3B3A1JBM5V3CWYT3,1254.17,1.0
2019-03-25,INSTRU OTHERS,,1305.0,1.0
2019-03-25,SE41F,SE41F-T5HHR1BSAA41E,7380.82,1.0
2019-03-25,S4,S4-BGA03120EXXM5,854.64,1.0
2019-03-25,FEW-CN,FEW325900H1S4C2B1A1A2P2B3A1JKM5V3CWM,7484.98,1.0
2019-03-25,FSV430,FSV430F1C1F025R0A6A1B1M4,1848.34,1.0
2019-03-25,FSV430,FSV430F3C1F100R0A1A1B1M4,1223.61,1.0
2019-03-26,SE41F,SE41F-T1FHR1BSAA41E,1177.55,1.0
2019-03-26,D371C031U01,,2220.0,3000.0
2019-03-26,STT4500/500,,7800.0,4.0
2019-03-28,3KXL000016U0100,,1186.0,200.0
2019-03-28,CS-FLOW,,535.0,1.0
2019-03-28,3KXF065081U0400,,1891.35,15.0
2019-03-28,CS-FLOW,,734.3,1.0
2019-03-28,CS-FLOW,,375.8,1.0
2019-03-29,FLT362-5C3,,397.7,10.0
2019-03-29,FEW-CN,FEW325600H1D4A1B1A1A2P3B3A1JBM5V3CWM,5131.08,1.0
2019-03-29,FEW-CN,FEW325900K1S4C1B1A1A2P3B3A1JKM5V3CWA,19559.34,3.0
2019-03-29,FEP325,FEP325400A1D4A1B1A1B0P1B0Y1AYJNF6M5,15600.0,4.0
2019-04-01,3KQZ407006U0100,,202.0,100.0
2019-04-01,FEP325,FEP325.402.H.1.D.1.C2.B.1.A.1.A.4.P.1.B.0.Y.1.AY.JN.F6.T3.M5,45999.54,1.0
2019-04-01,FEP325,FEP325.402.H.1.D.1.C2.B.1.A.1.A.5.P.1.B.0.Y.1.AY.JN.F6.T3.M5,46093.54,1.0
2019-04-01,3KCNSP01945,,9773.84,4.0
2019-04-02,CS-FLOW,3KXF002500U0200,414.0,1.0
2019-04-04,D614L857U01,,1550.0,500.0
2019-04-04,D323D624U02,,1371.6,20.0
2019-04-04,D323D626U02,,3376.8,40.0
2019-04-04,SE41F,SE41F-T1FHR1BSAA41E,2054.59,1.0
2019-04-09,3KQZ407016U0100,,110.0,100.0
2019-04-09,3KQZ407120U0100,,80.0,100.0
2019-04-09,3KQZ407017U0100,,658.0,100.0
2019-04-09,3KXF002613U0400,,42.0,100.0
2019-04-09,3KXF002613U0300,,42.0,100.0
2019-04-09,LST300,LST300F8C10U2B1L1H1L7M5TC1,594.0,1.0
2019-04-10,FEW-CN,FEW3600H1S1A1BJBWM,7672.58,2.0
2019-04-10,LST300,LST300F3C10U2B1L1H1L7M5S1TC1,591.0,1.0
2019-04-10,3KQZ207004U0100,,34.74,1.0
2019-04-11,SE41F,SE41F-T40HR1BSAA41E,1386.27,1.0
2019-04-11,SE41F,SE41F-F1FPS1BHAA41E,4527.98,2.0
2019-04-12,FEW-CN,FEW325750H1S4C2B1A1A5P3B3A1JKM5V3CWM,11456.44,2.0
2019-04-12,FEW-CN,FEW325050K1S4A1D1B1A1P3B4A1JBM5V3T3,1888.38,2.0
2019-04-12,FEW-CN,FEW325150K1S4A1D1B1A1P3B4A1JBM5V3T3,1501.08,1.0
2019-04-12,FEW-CN,FEW325080K1S4A1D1B1A1P3B4A1JBM5V3T3,2215.02,2.0
2019-04-12,FEW-CN,FEW325100K1S1A1B1B1A3G2B4A1JBM5V3CWYT3,1127.97,1.0
2019-04-12,LST400,LST400Y0C15N1P6A1H1SC2B2TCCRM5,1937.08,2.0
2019-04-12,LST400,LST400Y0S30N1P6A1H1SC2B2TCCRM5,1211.08,1.0
2019-04-12,LST400,LST400Y0C15N1P6A1H1SC2M5,862.49,1.0
2019-04-12,LST400,LST400Y0S15N1P3A1H1SC4M5,837.57,1.0
2019-04-16,D323D624U02,,1371.6,20.0
2019-04-16,FEW-CN,FEW3600H1S1A1BJBWM,3836.29,1.0
2019-04-19,LST300,LST300F8C06U5B1L1H1L7M5TC1,1638.0,3.0
2019-04-22,CS-FLOW,Transmitter for 10m Cable Included FSS430Y0R1F080R0A1A1B1H1L2SP1M5G1,1427.06,2.0
2019-04-23,3KQZ207044U0200,,1154.0,25.0
2019-04-24,FEP325,FEP325400A1S4A1B1K1B2P3B0Y1AYJNF6M5,7152.81,1.0
2019-04-24,FEW-CN,FEW325900H1D4C2B1A1A3P3B3A1JKM5V3CWM,7528.06,1.0
2019-04-26,LST400,LST400Y0S15N1P6A1H1SC4M5,1675.14,2.0
2019-04-26,LST300,LST300Y0C10U2B1L1H1L7M5TC1,2088.0,4.0
2019-04-30,LST300,LST300Y0C06U5B1L1H1BECEFA3L7M5S1TC1PD1,797.4,1.0
2019-04-30,STT4500/500,,7800.0,4.0
2019-05-05,FEW-CN,FEW3450H1S1A1BJBWM,2737.23,1.0
2019-05-05,D323D626U04,,1697.8,20.0
2019-05-05,S4,S4-BGA04110EXXM5,1026.65,1.0
2019-05-05,LST300,LST300F8C06U5B1L1H1L7M5TC1,1092.0,2.0
2019-05-05,FEW-CN,FEW325500K1S4A1B1A1A1P3B3A1JBM5V3T3,3788.15,1.0
2019-05-08,3KXF065280U0100,,10631.0,100.0
2019-05-08,FEW-CN,FEW325500A1S4A1B1A1A4P3B3A1JBM5V3CWYT3,4609.54,1.0
2019-05-08,FEW-CN,FEW325201H1S4C2B1A1A3P3B3A1JKM5V3CWM,25378.0,2.0
2019-05-08,FEW-CN,FEW325051K1S4C2B1B1A2P3B3A1JHM5V3CWA,8608.53,1.0
2019-05-08,FEW-CN,FEW325900H1S4C2B1A1A2P3B3A1JKM5V3CWM,7503.14,1.0
2019-05-08,PE3072,,2755.12,2.0
2019-05-08,PE3080,,3135.52,2.0
2019-05-08,FEP325,FEP325450A1S1A1B1A1A2P1B0Y1AYF6M5,6100.0,1.0
2019-05-09,S4,S4-BGA04110EXXM5,1026.65,1.0
2019-05-14,SE41F,SE41F-F80PR3AHAA41E,2509.58,1.0
2019-05-15,D323D624U02,,1371.6,20.0
2019-05-16,CS-FLOW,3KXF002502U0200,535.0,1.0
2019-05-17,LST400,LST400Y0S15N1P6A1H1SC2TCM5,800.0,1.0
2019-05-17,LST400,LST400Y0C15N1P6A1H1SC6TCM5,3879.88,4.0
2019-05-17,FEW-CN,FEW325080A1S4A3B1A1A3P2B3A1JBM5V3,1076.37,1.0
2019-05-17,FEW-CN,FEW325600H1D4A1B1B1A4P3B3A1JBM5V3CWMT3,5358.37,1.0
2019-05-20,FEP315,FEP315400A1D2D1B4A1A0L1A4B1AYH2M5CL5,6807.46,1.0
2019-05-20,FEW-CN,FEW325351K1S1C2B1A1A6G3B3A1JHM5V3CWA,11896.85,1.0
2019-05-20,CS-FLOW,3KXF002502U0200,1070.0,2.0
2019-05-20,SE41F,SE41F-E1FPR1ASAA41E,1386.27,1.0
2019-05-21,SE41F,SE41F-F1HPS1BHAA41E,1386.27,1.0
2019-05-21,FSV430,FSV430F3C1F025R0A1A1B1M4,1158.99,1.0
2019-05-22,FEW-CN,FEW325750H1S1C2B1B1A2P3B3A1JKM5V3CWA,5588.64,1.0
2019-05-22,FEW-CN,FEW325750H1S1C2B1B1A3P3B3A1JKM5V3CWA,5613.56,1.0
2019-05-22,LST300,LST300F8C06U5B1L1H1CEL7M5S1TC1,591.0,1.0
2019-05-23,INSTRU OTHERS,Add ABB Warminster to the ABB Shanghai VT5 ATEX and IECExcertificates,1469.0,1.0
2019-05-23,FEW-CN,FEW3450H1S1A1BJBWM,2737.23,1.0
2019-05-23,LST300,LST300F8C10U2B1L1H1L7M5TC1,1188.0,2.0
2019-05-29,FEW-CN,FEW325900H1S4C2B1A1A4P3B3A1JKM5V3CWM,10237.7,1.0
2019-05-29,FEP325,FEP325450A1S4A1B1A1B5P1B0Y1AYF6M5,8915.38,1.0
2019-05-31,CS-FLOW,3KXF002503U0200,734.3,1.0
2019-05-31,CS-FLOW,3KXF065273U0200,935.0,1.0
2019-06-03,FEP325,FEP325450A1S4A1B1A1B5P1B0Y1AYJNF6M5,17830.76,2.0
2019-06-03,FSV430,FSV430F1C1F025R0A6A1B1M4,12938.38,7.0
2019-06-03,FSV430,FSV430F1C1F025R0A6A1B1M4,1848.34,1.0
2019-06-03,FEW-CN,FEW315015A1S4A1D1A1A0P1B3A1JBM5V3T3,693.53,1.0
2019-06-04,3KXL000016U0100,,1186.0,200.0
2019-06-05,3KXF002066U1200,,211.0,1.0
2019-06-05,D323D626U02,,1688.4,20.0
2019-06-05,3KXF002066U2300,,23922.5,35.0
2019-06-05,CS-FLOW,3KXF002502U0200,535.0,1.0
2019-06-05,3KXF065280U0100,,10631.0,100.0
2019-06-05,LST400,LST400Y0C15N1P6A1H1M5,862.49,1.0
2019-06-05,FSS430,FSS430A4C1F100R0A1A1B1P1,3514.88,1.0
2019-06-05,FSV430,FSV430F3C1F025R0A6A1B1M4,6411.04,4.0
2019-06-05,FSV430,FSV430F3C1F050R0A6A1B1M4,3035.88,2.0
2019-06-05,FSV430,FSV430F3C1F025R0A6A1B1M4,3205.52,2.0
2019-06-05,FSV430,FSV430F3C1F080R0A6A1B1M4,5086.7,2.0
2019-06-06,CS-FLOW,3KXF002502U0500,1697.4,3.0
2019-06-08,FEW-CN,FEW315065H1S4A1B1A1A0P1B3A1JBM5V3CWM,887.72,1.0
2019-06-08,D323D624U02,,1371.6,20.0
2019-06-12,INSTRU OTHERS,Add ABB Warminster Facility to the ABB Shanghai FEP DNV-GLMaritime certificate,1309.0,1.0
2019-06-13,FEP325,FEP325300E1J1A1B1A1A2P1B0Y1AYJ1F6M5,4967.6,1.0
2019-06-13,LST300,LST300Y0C10U2B1L1H1L7M5TC1,2610.0,5.0
2019-06-13,CS-FLOW,3KXF002502U0200,1070.0,2.0
2019-06-13,LST300,LST300F8C06U5B1L1H1L7M5TC1,546.0,1.0
2019-06-14,LST300,LST300F8C06U5B1L1H1CEL7M5S1TC1,591.0,1.0
2019-06-14,FSV430,FSV430F1C1F025R0A6A1B1M4,9241.7,5.0
2019-06-17,FEW-CN,FEW3450H1S1A1BJBWM,2737.23,1.0
2019-06-17,CS-FLOW,3KXF002503U0200,734.3,1.0
2019-06-18,SE41F,SE41F-P08HR3BSAA42E,2772.54,2.0
2019-06-18,3KXF002066U1200,,633.0,3.0
2019-06-24,3KXF002066U1200,,211.0,1.0
2019-06-24,FEW-CN,FEW325750K1S4C2B1A1A1P2B3A1JKM5V3,4636.06,1.0
2019-06-24,FEW-CN,FEW325500K1S4A1B1A1A1P2B3A1JBM5V3,3766.49,1.0
2019-06-25,CS-FLOW,3KXF002502U0500,1697.4,3.0
2019-06-25,CS-FLOW,3KXF002501U0500,1052.8,2.0
2019-06-25,FEP325,FEP325050P1G1A1B1A1A0P1B0Y1AYJNF6M5,1413.97,1.0
2019-06-25,LST300,LST300F8C06U5B1L1H1L7M5TC1,546.0,1.0
2019-06-25,3KQZ207044U0200,,1154.0,25.0
2019-06-25,3KXF065280U0100,,10631.0,100.0
2019-06-25,STT4500/500,,6268.52,4.0
2019-06-25,FEP325,FEP325015P1F1A1D1A1A2P1B0Y1AYJNF6M5,3881.6,2.0
2019-06-26,AU3069,,2983.2,30.0
2019-06-26,FEW-CN,FEW325351K1S1C2B1A1A6G3B3A1JHM5V3CWA,11896.85,1.0
2019-06-26,FEW-CN,FEW325351K1S1C2B1A1A6G3B3A1JHM5V3CWA,11896.85,1.0
2019-06-27,FEW-CN,FEW315600A1S4A1B1A1A0P1B3A1JBM5V3T3,11129.56,2.0
2019-06-27,LST400,LST400Y0S15N1P3A1H1SCAM5,1965.9,2.0
2019-06-27,SE41F,SE41F-F3HHR1BSAA41E,5250.63,1.0
2019-06-27,FEW-CN,FEW325750A1S4B1B1A1A2P2B3A1JKM5,4116.64,1.0
2019-07-02,3KXL000016U0100,,1186.0,200.0
2019-07-02,FEW-CN,FEW325600K1S4A1B1A1A2P3B3A1JBM5V3CWY,4723.6,1.0
2019-07-02,FEW-CN,FEW325500K1S4A1B1A1A2P3B3A1JBM5V3CWY,3802.76,1.0
2019-07-02,3KXF065092U0100,,200.0,100.0
2019-07-02,3KXF065280U0100,,10631.0,100.0
2019-07-02,3KXF002065U1200,,927.45,3.0
2019-07-03,FEW-CN,FEW3450H1S1A1BJBWM,2737.23,1.0
2019-07-03,SE41F,SE41F-F1HPS1BHAA41E,1386.27,1.0
2019-07-09,FEP325,FEP325025P1D1A1D0K3A0P1B0Y1AYJNF6M5,2020.3,1.0
2019-07-09,SE41F,SE41F-T1HHR1BSAA41E,1927.33,1.0
2019-07-09,SE41F,SE41F-C80KR1ASAA42E,2647.47,1.0
2019-07-09,LST300,LST300F8C06U5B1L1H1L7M5TC1,546.0,1.0
2019-07-09,3KXF065081U0400,,1891.35,15.0
2019-07-11,FEW-CN,FEW3500H1S1A1BJBWM,8943.12,3.0
2019-07-11,FEP315,FEP315760H1D1A1B1A1A0P1B3E1AYH2JNT3M5,26203.0,5.0
2019-07-11,FEP315,FEP315.760.H.1.D.1.C2.B.1.A.1.A.0.P.1.B.3.E.1..H2.JN.T3.M5,26203.0,5.0
2019-07-11,FEP315,FEP315.760.H.1.D.1.C2.B.1.A.1.A.0.P.1.B.3.E.1..H2.JN.T3.M5,26203.0,5.0
2019-07-11,FEP315,FEP315.760.H.1.D.1.C2.B.1.A.1.A.0.P.1.B.3.E.1..H2.JN.T3.M5,26203.0,5.0
2019-07-11,FEP325,FEP325.760.H.1.D.1.C2.B.1.A.1.A.1.P.1.B.0.Y.1.AY.JN.T3.M5,10584.58,2.0
2019-07-11,FEP315,FEP315.051.H.1.D.1.C2.B.1.A.1.A.0.P.1.B.3.E.1..H2.JN.T3.M5,16050.0,2.0
2019-07-11,3KCNSP01945,,19547.68,8.0
2019-07-11,FEP325,FEP325.402.H.1.D.1.C2.B.1.A.1.A.1.P.1.B.0.Y.1.AY..JN.F6.T3.M5,91765.08,2.0
2019-07-11,FEP325,FEP325.402.H.1.D.1.C2.B.1.A.1.A.5.P.1.B.0.Y.1.AY..JN.F6.T3.M5,92187.08,2.0
2019-07-12,STT4500/500,,6268.52,4.0
2019-07-12,S4,S4-BGA03110EXXM5,4175.9,5.0
2019-07-15,FEW-CN,FEW325201K1S4C1B1B1A3P3B3A1JKM5V3CWA,20554.18,2.0
2019-07-16,S4,S4-BGA04110KXXM5,1045.2,1.0
2019-07-16,FEP325,FEP325250E1J1A1B1A1A2P1B0Y1AYJ1F6M5,4940.73,1.0
2019-07-17,LST300,LST300F8C06U5B1L1H1L7M5TC1,546.0,1.0
2019-07-17,LST300,LST300F8C10U2B1L1H1L7M5TC1,2376.0,4.0
2019-07-17,D173D031U01,,4640.0,1000.0
2019-07-17,FEW-CN,FEW3450H1S1A1BJBWM,2737.23,1.0
2019-07-17,FEW-CN,FEW3450H1S1A1BJBWM,2737.23,1.0
2019-07-17,FEW-CN,FEW3450H1S1A1BJBWM,2737.23,1.0
2019-07-18,PECN0001,,14177.0,1.0
2019-07-18,PECN0002,,3811.0,1.0
2019-07-18,PECN0003,,17633.0,1.0
2019-07-19,FEW-CN,FEW325051H1D4C2B1A1A3P2B3A1JKM5V3CWMT5,9437.28,1.0
2019-07-19,FEW-CN,FEW325500H1D4A1B1A1A3P2B3A1JBM5V3CWMT5,4262.56,1.0
2019-07-19,FEW-CN,FEW325450H1D4A1B1A1A3P2B3A1JBM5V3CWMT5,3563.5,1.0
2019-07-19,FEW-CN,FEW325600H1D4A1B1A1A3P2B3A1JBM5V3CWMT5,5201.1,1.0
2019-07-19,FEW-CN,FEW325600A1S0A1B1A1A3G2B3A1JBM5V3CWYT3,4915.87,1.0
2019-07-22,FEW-CN,FEW3450H1S1A1BJBWM,2737.23,1.0
2019-07-22,FEW-CN,FEW3450H1S1A1BJBWM,2737.23,1.0
2019-07-22,FEW-CN,FEW3450H1S1A1BJBWM,2737.23,1.0
2019-07-24,CS-FLOW,3KXF002501U0500,526.4,1.0
2019-07-29,D323D624U02,,1371.6,20.0
2019-07-29,FEW-CN,FEW325900H1S4C2B1A1A3P3B3A1JKM5V3CWANL,10809.0,1.0
2019-07-29,LST300,LST300F8C06U5B1L1H1L7M5TC1,546.0,1.0
2019-07-29,SE41F,SE41F-T2HHR1BSAA41E,1577.97,1.0
2019-07-29,S4,S4-BGA04110EXXM5,1026.65,1.0
2019-07-30,FEW-CN,FEW3600H1S1A1BJBWM,3836.29,1.0
2019-07-30,FEW-CN,FEW3500H1S1A1BJBWM,2981.04,1.0
2019-07-30,LST300,LST300F8C06U5B1L1H1L7M5TC1,546.0,1.0
2019-07-30,SE41F,SE41F-T5HHC1ASAA41K,3500.0,1.0
2019-07-31,S4,S4-BGA04110EXXM5,1026.65,1.0
2019-08-01,FSS430,FSS430A4C1F025R0A3A1B1P1,2811.42,1.0
2019-08-01,FEP325,FEP325050E1D4A1D1A1C4P1B0Y1AYJ1F6M5,1456.02,1.0
2019-08-02,SE41F,SE41F-T15HR3BSAA41E,709.41,1.0
2019-08-05,FEW-CN,FEW3500H1S1A1BJBWM,2981.04,1.0
2019-08-05,FEP325,EP325300E1J1A1B0A1A2P1B0Y1AYJ1F6M5,5993.63,1.0
2019-08-06,CS-FLOW,3KXF002502U0200,535.0,1.0
2019-08-06,FSS450,FSS450F1C1F200R0A1A1B1F1,10428.88,1.0
2019-08-06,FSS450,FSS450F1C1F080R0A1A1B1F1,11673.84,3.0
2019-08-06,3KXL000016U0100,,1186.0,200.0
2019-08-08,SE41F,SE41F-T15HR3BSAA41E,709.41,1.0
2019-08-14,3KXF002066U1200,,211.0,1.0
2019-08-14,FEW-CN,FEW325450H1D4A1B1A1A2P3B3A1JBM5V3CWMT3,3493.48,1.0
2019-08-14,D323D626U02,,1688.4,20.0
2019-08-15,FEW-CN,FEW315065H1S4A1B1A1A0P1B3A1JBM5V3CWMT3,887.72,1.0
2019-08-15,FEW-CN,FEW3600H1S1A1BJBWM,3836.29,1.0
2019-08-15,LST400,LST400Y0S15N1P6A1H1SC6M5,1770.08,2.0
2019-08-19,3KXF002066U1200,,211.0,1.0
2019-08-20,FEW-CN,FEW325900H1S4C2B1B1A3P3B3A1JKM5V3CWM,7973.68,1.0
2019-08-20,FEW-CN,FEW325750H1S4C2B1B1A3P3B3A1JKM5V3CWM,6100.06,1.0
2019-08-20,3KXF002066U1300,,302.32,1.0
2019-08-21,FEP632,FEP632-F2A20080A1T2B1S0A70Y0Y0ADR0DS0C0CMACRAF5J6K0M5MS0CR0SMANC1NFSRCDSC2TCTKHTV2V0,2042.7,1.0
2019-08-21,FEW-CN,FEW3450H1S1A1BJBWM,5474.46,2.0
2019-08-22,FST450,FST450Y0K2B1H5,710.2,1.0
2019-08-23,SE41F,SE41F-T2FHR1BSAA41E,2311.41,1.0
2019-08-27,FEP325,FEP325150P1D1A1D0K3A0P1B0Y1AYJNF6M5,2409.49,1.0
2019-08-27,CS-FLOW,3KXF002502U0200,535.0,1.0
2019-08-28,LST300,LST300F8C10U2B1L1H1L7M5TC1,594.0,1.0
2019-08-29,LST400,LST400Y0F15N1P6A1H1SC2M5,817.38,1.0
2019-08-29,CS-FLOW,3KXF002501U0500,1052.8,2.0
2019-08-30,CS-FLOW,3KXF002502U0500,1697.4,3.0
2019-08-30,CS-FLOW,3KXF002502U0200,535.0,1.0
2019-08-30,CS-FLOW,3KXF002500U0500,1176.0,3.0
2019-09-02,FEW-CN,FEW3450H1S1A1BJBWM,5474.46,2.0
2019-09-05,FEW-CN,FEW325300H1S4A3B1A1A2G3B3A1JBM5V3CWMT3,2249.49,1.0
2019-09-09,FEW-CN,FEW3450H1S1A1BJBWM,16423.38,6.0
2019-09-09,CS-FLOW,3KXF002501U0500,3684.8,7.0
2019-09-09,CS-FLOW,3KXF002502U0500,2829.0,5.0
2019-09-09,3KXF065081U0400,,1891.35,15.0
2019-09-09,AU3069,,2983.2,30.0
2019-09-09,FEW-CN,FEW3450H1S1A1BJBWM,5474.46,2.0
2019-09-18,3KXL000016U0100,,1186.0,200.0
2019-09-19,D323D624U02,,1371.6,20.0
2019-09-23,D323D624U02,,1371.6,20.0
2019-09-23,FEP315,FEP315025P1G1A1B1K1A0P1B3C1AYH2M5,4088.66,2.0
2019-09-25,CS-FLOW,3KXF002501U0200,375.8,1.0
2019-09-26,D323D626U04,,848.9,10.0
2019-09-26,FEW-CN,FEW325750H1S4A1B1A1A3P3B3A1JKM5V3CWM,5119.93,1.0
2019-09-29,3KXF065099U0100,,264.8,20.0
2019-09-29,CS-FLOW,3KXF002501U0200,751.6,2.0
2019-09-29,CS-FLOW,3KXF002501U0200,375.8,1.0
2019-09-29,D323D626U04,,848.9,10.0
2019-10-09,FEW-CN,FEW325500K1S4A1B1A1A1P3B3A1JBM5V3T3,3788.15,1.0
2019-10-11,FEW-CN,FEW325600H1D0A1B1A1A3P2B3A1JBM5V3CWMT3,9335.74,2.0
2019-10-11,FEW-CN,FEW315600H1D0A1B1A1A0P1B3A1JBM5V3CWMT3,4610.54,1.0
2019-10-11,FEW-CN,FEW325500H1D0A1B1A1A4P2B3A1JBM5V3CWMT3,3832.87,1.0
2019-10-11,FEW-CN,FEW315450A1S4A1B1B1A0P1B3A1JBM5V3CWYT3,7874.38,2.0
2019-10-12,3KQZ207044U0200,,1154.0,25.0
2019-10-16,FEW-CN,FEW325051H1D4C2B1A1A3P3B3A1JKM5V3CWM,9403.49,1.0
2019-10-16,LST300,LST300F8C06U5B1L1H1L7M5TC1,2184.0,4.0
2019-10-16,LST300,LST300F8C10U2B1L1H1L7M5TC1,594.0,1.0
2019-10-16,FEW-CN,FEW3500H1S1A1BJBWM,5962.08,2.0
2019-10-16,FEW-CN,FEW3600H1S1A1BJBWM,7672.58,2.0
2019-10-18,D323D624U02,,1371.6,20.0
2019-10-18,FEW-CN,FEW315450A1S1A1D1A1A0G1B3A1JBM5V3CWYT3,17557.72,4.0
2019-10-18,FEW-CN,FEW325500A1S1A1D1A1A4G3B3A1JBM5V3CWYT3,5679.34,1.0
2019-10-21,FEP632,FEP632-F2A20600A1T1B1S0A70Y0Y0ADR0DS0C0CMACRAF5J6K0M5MS0CR0SMANC1NFSRCDSC2T1TK1TV2V1,5225.0,1.0
2019-10-21,SE41F,SE41F-T6HSR1CSAA44K,9830.44,1.0
2019-10-21,FEW-CN,FEW315900H1S4C2B1A1A0P1B3A1JKM5V3CWM,7461.84,1.0
